イベントID	step	区分	イベント名	強度_0to1	対象	主な影響方向	発生源	関連国	日本社会状態	若者への入力文
OE001	1	組織判断	企業・組織の採用育成判断	0.49	若者・現役世代	採用不安↑ 若手育成経路↓	組織運営LLM	日本	首都圏業務支援株式会社: 新卒は少数厳選、AI運用・監督の中途比率を上げる / 未来通信システム株式会社: 新卒は厳選し継続、安保・基盤系の中途を増やす / 東京湾岸工科専門学校: 教員は維持、新卒は実務経験者と二本立てで採る	首都圏業務支援株式会社: 採用枠縮小で不安増、AI運用スキルが必須化する / 未来通信システム株式会社: AI適応力が評価軸化し、配属で格差不安が増える / 東京湾岸工科専門学校: 不安下でも就職の見通しが増え、技能の選択幅が広がる 現役側には 首都圏業務支援株式会社: 監督・品質職へ転換圧力、再学習と負荷が増える / 未来通信システム株式会社: 再教育負担と役割再編が進み、評価の透明性要求が高まる / 東京湾岸工科専門学校: 企業側の再教育需要が増え、学び直し連携が広がる
WE001	1	戦争	世界限定戦争発生	0.95	全体	将来予見性↓ 生活防衛↑ 制度信頼↓	国家LLMリスク段階	ウクライナ	ステップ1: 地政学リスクが62.1。高リスク国: ウクライナ(限定戦争)、北朝鮮(間接衝突)、ロシア(間接衝突)、イスラエル(間接衝突)。日本の緩衝政策余力は51.2。	ウクライナが限定戦争段階に入り、長期計画と生活安心感が揺らぐ。
WE002	1	世界イベント	間接衝突拡大	0.72	全体	地政学リスク↑ SNS不安↑	国家LLMリスク段階	北朝鮮、ロシア、イスラエル	ステップ1: 地政学リスクが62.1。高リスク国: ウクライナ(限定戦争)、北朝鮮(間接衝突)、ロシア(間接衝突)、イスラエル(間接衝突)。日本の緩衝政策余力は51.2。	北朝鮮、ロシア、イスラエルの間接衝突化により、SNS上の不安と将来予見性の低下が強まる。
FB001	2	社会反応	生活防衛シフト	0.33	全体	生活コスト不安↑ 子ども意向↓	若者・現役行動フィードバック	日本国内	情報過敏24.0、生活防衛22.6、ケア5.6	家計防衛が優先され、将来投資や子どもを迎える判断が後回しになる。
OE002	2	組織判断	企業・組織の採用育成判断	0.50	若者・現役世代	採用不安↑ 若手育成経路↓	組織運営LLM	日本	未来通信システム株式会社: 新卒は厳選維持、中途は安保・基盤・危機対応を増枠 / 北関東精密加工株式会社: 新卒は最小確保、設備保全・品質の中途を厚めに採る / 首都圏業務支援株式会社: 新卒は少数維持。AI監督・品質管理の中途を重点増	未来通信システム株式会社: 厳選採用で不安増、AI運用・安保志向の学習が強まる / 北関東精密加工株式会社: 採用枠縮小で不安増、AI併用技能の習得機会は残る / 首都圏業務支援株式会社: 新卒枠が狭く不安増。AI活用前提の早期実務化が進む 現役側には 未来通信システム株式会社: 再学習圧力と不安増、危機対応スキルに評価が寄る / 北関東精密加工株式会社: 現場の変化抵抗と再訓練負担増、雇用は守られやすい / 首都圏業務支援株式会社: 再配置と再学習圧力増。不安拡散で離職・メンタル課題が増える
WE003	2	世界イベント	AI雇用不安増幅	0.20	全体	希望経路↓ 自己効力感↓	雇用不確実性	ウクライナ(限定戦争)、北朝鮮(間接衝突)、ロシア(間接衝突)、イスラエル(間接衝突)	ステップ2: 地政学リスクが64.7。高リスク国: ウクライナ(限定戦争)、北朝鮮(間接衝突)、ロシア(間接衝突)、イスラエル(間接衝突)。日本の緩衝政策余力は47.7。	AIと景気の不確実性により、努力が報われる経路が見えにくくなる。
WE004	2	世界イベント	地政学SNS不安拡散	0.20	全体	不安↑ 怒り↑ 逃避行動↑	SNS不安増幅	ウクライナ(限定戦争)、北朝鮮(間接衝突)、ロシア(間接衝突)、イスラエル(間接衝突)	ステップ2: 地政学リスクが64.7。高リスク国: ウクライナ(限定戦争)、北朝鮮(間接衝突)、ロシア(間接衝突)、イスラエル(間接衝突)。日本の緩衝政策余力は47.7。	危機情報がSNSで増幅し、不安と怒りが日常会話に入り込む。
FB002	3	社会反応	生活防衛シフト	0.56	全体	生活コスト不安↑ 子ども意向↓	若者・現役行動フィードバック	日本国内	生活防衛35.2、情報過敏12.5、学習移行9.6	家計防衛が優先され、将来投資や子どもを迎える判断が後回しになる。
OE003	3	組織判断	企業・組織の採用育成判断	0.50	若者・現役世代	採用不安↑ 若手育成経路↓	組織運営LLM	日本	首都圏業務支援株式会社: 新卒は少数維持。危機対応BPO経験の中途を増やす / 未来通信システム株式会社: 新卒は厳選維持、中途は基盤・安保・危機対応を優先増枠 / 北関東精密加工株式会社: 新卒最小維持、設備保全・品質の中途を優先	首都圏業務支援株式会社: 安定志向が強まり、選別不安と心理負担が残る / 未来通信システム株式会社: 選抜と計算資源格差で進路不安が増え、安定志向が強まる / 北関東精密加工株式会社: 採用枠は狭いが技能＋AI適応で道筋は見える 現役側には 首都圏業務支援株式会社: 監査・品質職の負荷増。再学習と不安対応が常態化 / 未来通信システム株式会社: 危機対応負荷と再学習圧力が上がり、疲弊と転職が揺れる / 北関東精密加工株式会社: 配置転換と多能工化が加速、再学習負担が増える
WE005	3	世界イベント	半導体・計算資源制約	0.20	全体	学習機会格差↑ 雇用不安↑	計算資源制約	ウクライナ(限定戦争)、北朝鮮(間接衝突)、ロシア(間接衝突)、イスラエル(間接衝突)	ステップ3: 地政学リスクが70.6。高リスク国: ウクライナ(限定戦争)、北朝鮮(間接衝突)、ロシア(間接衝突)、イスラエル(間接衝突)。日本の緩衝政策余力は44.8。	計算資源と半導体制約により、AI利用格差と進路不安が広がる。
WE006	3	世界イベント	供給網不安拡大	0.25	全体	物価不安↑ 雇用安定↓	供給網不安	ウクライナ(限定戦争)、北朝鮮(間接衝突)、ロシア(間接衝突)、イスラエル(間接衝突)	ステップ3: 地政学リスクが70.6。高リスク国: ウクライナ(限定戦争)、北朝鮮(間接衝突)、ロシア(間接衝突)、イスラエル(間接衝突)。日本の緩衝政策余力は44.8。	供給網の不安定化により、物価と企業採用への不安が残る。
WE007	3	世界イベント	地政学SNS不安拡散の悪化	0.26	全体	不安↑ 怒り↑ 逃避行動↑	SNS不安増幅	ウクライナ(限定戦争)、北朝鮮(間接衝突)、ロシア(間接衝突)、イスラエル(間接衝突)	ステップ3: 地政学リスクが70.6。高リスク国: ウクライナ(限定戦争)、北朝鮮(間接衝突)、ロシア(間接衝突)、イスラエル(間接衝突)。日本の緩衝政策余力は44.8。	危機情報がSNSで増幅し、不安と怒りが日常会話に入り込む。 直近で悪化しており、前よりも日常の判断に入り込みやすい。
WE008	3	制度制約	財政制約による支援遅れ	0.21	全体	制度信頼↓ 裏切られ感↑	日本社会状態	日本	ステップ3: 地政学リスクが70.6。高リスク国: ウクライナ(限定戦争)、北朝鮮(間接衝突)、ロシア(間接衝突)、イスラエル(間接衝突)。日本の緩衝政策余力は44.8。	財政圧力により若者支援や生活支援が遅れ、制度への失望が出やすい。
FB003	4	社会反応	生活防衛シフト	0.62	全体	生活コスト不安↑ 子ども意向↓	若者・現役行動フィードバック	日本国内	生活防衛38.6、情報過敏16.6、学習移行6.3	家計防衛が優先され、将来投資や子どもを迎える判断が後回しになる。
OE004	4	組織判断	企業・組織の採用育成判断	0.52	若者・現役世代	採用不安↑ 若手育成経路↓	組織運営LLM	日本	未来通信システム株式会社: 新卒は厳選維持、中途は安保・省電力運用を優先増枠 / 首都圏業務支援株式会社: 新卒は抑制継続。危機対応・省電力運用の中途を厚く / 関東広域ロジスティクス株式会社: 新卒は管理候補を維持、即戦力中途と協力会社比率を上げる	未来通信システム株式会社: 安保・運用志向は追い風、選別強化で不安と競争が増す / 首都圏業務支援株式会社: 新卒枠減で不安増。AI運用スキルがあれば少数で早期活躍 / 関東広域ロジスティクス株式会社: 管理候補は機会維持、現場職は自動化で選別感と不安が増える 現役側には 未来通信システム株式会社: 省電力運用と危機対応の再学習圧力、職務転換が増える / 首都圏業務支援株式会社: 再配置・再学習圧が上がる。非正規は稼働変動リスク増 / 関東広域ロジスティクス株式会社: 現場は省人化と再配置圧、管理層は稟議・BCP対応で負荷増
WE009	4	世界イベント	エネルギー価格ショック	0.26	全体	生活コスト↑ 子ども意向↓	エネルギー価格圧力	ウクライナ(限定戦争)、北朝鮮(間接衝突)、ロシア(間接衝突)、イスラエル(間接衝突)	ステップ4: 地政学リスクが73.9。高リスク国: ウクライナ(限定戦争)、北朝鮮(間接衝突)、ロシア(間接衝突)、イスラエル(間接衝突)。日本の緩衝政策余力は41.2。	エネルギー圧力が高く、家計と移動・電気代への不安が増える。
FB004	5	社会反応	情報過敏の拡大	0.61	全体	SNS不安↑ 地政学体感リスク↑	若者・現役行動フィードバック	日本国内	情報過敏45.0、学習移行7.7、ケア6.3	ニュースやSNSの確認が増え、外圧が日常の不安として体感されやすくなる。
OE005	5	組織判断	企業・組織の採用育成判断	0.49	若者・現役世代	採用不安↑ 若手育成経路↓	組織運営LLM	日本	未来通信システム株式会社: 新卒は厳選維持、中途は安保・省電力・調達強化で増枠 / 関東広域ロジスティクス株式会社: 新卒は管理候補を維持、中途と協力会社を柔軟増 / 北関東精密加工株式会社: 新卒は最小維持、保全・品質・調達の中途優先	未来通信システム株式会社: 計算資源格差で成長機会が偏り、選別不安が増える / 関東広域ロジスティクス株式会社: 現場技能+AI運用の需要増、選別と研修負担が強まる / 北関東精密加工株式会社: 採用枠は細るが技能×AI補助の育成は残る 現役側には 未来通信システム株式会社: BCP・安保・省電力へ再学習圧力、役割転換が進む / 関東広域ロジスティクス株式会社: 配置転換と多能工化が加速、雇用不安は外注側へ波及 / 北関東精密加工株式会社: 現場に標準化圧力、配置転換と多能工化が進む
WE010	5	世界イベント	半導体・計算資源制約の悪化	0.35	全体	学習機会格差↑ 雇用不安↑	計算資源制約	ウクライナ(限定戦争)、北朝鮮(間接衝突)、ロシア(間接衝突)、イスラエル(間接衝突)	ステップ5: 地政学リスクが76.4。高リスク国: ウクライナ(限定戦争)、北朝鮮(間接衝突)、ロシア(間接衝突)、イスラエル(間接衝突)。日本の緩衝政策余力は38.1。	計算資源と半導体制約により、AI利用格差と進路不安が広がる。 直近で悪化しており、前よりも日常の判断に入り込みやすい。
WE011	5	世界イベント	供給網不安拡大の悪化	0.52	全体	物価不安↑ 雇用安定↓	供給網不安	ウクライナ(限定戦争)、北朝鮮(間接衝突)、ロシア(間接衝突)、イスラエル(間接衝突)	ステップ5: 地政学リスクが76.4。高リスク国: ウクライナ(限定戦争)、北朝鮮(間接衝突)、ロシア(間接衝突)、イスラエル(間接衝突)。日本の緩衝政策余力は38.1。	供給網の不安定化により、物価と企業採用への不安が残る。 直近で悪化しており、前よりも日常の判断に入り込みやすい。
FB005	6	社会反応	生活防衛シフト	0.34	全体	生活コスト不安↑ 子ども意向↓	若者・現役行動フィードバック	日本国内	情報過敏29.2、生活防衛22.8、学習移行10.8	家計防衛が優先され、将来投資や子どもを迎える判断が後回しになる。
FB006	6	社会反応	情報過敏の拡大	0.33	全体	SNS不安↑ 地政学体感リスク↑	若者・現役行動フィードバック	日本国内	情報過敏29.2、生活防衛22.8、学習移行10.8	ニュースやSNSの確認が増え、外圧が日常の不安として体感されやすくなる。
OE006	6	組織判断	企業・組織の採用育成判断	0.48	若者・現役世代	育成経路↑ 地域接続↑	組織運営LLM	日本	未来通信システム株式会社: 新卒は厳選維持、中途は安保・省電力・調達で増枠 / 首都圏業務支援株式会社: 新卒は少数継続。危機窓口/監査の中途を優先 / 北関東精密加工株式会社: 新卒は最小維持、保全・品質・調達の中途優先	未来通信システム株式会社: 支援遅れと不安増幅で選別不安、道筋提示で一部緩和 / 首都圏業務支援株式会社: 新卒枠縮小で不安。AI監査型の早期責任で成長機会も / 北関東精密加工株式会社: 採用枠は細いが技能×AIで成長機会は残る 現役側には 未来通信システム株式会社: 安保・省電力の再学習圧と疲労増、配置転換で雇用は維持寄り / 首都圏業務支援株式会社: 危機対応で負荷増。再配置と運用標準化で一部安定 / 北関東精密加工株式会社: 不安増で抵抗も出るが標準化で負荷は下がる
WE012	6	世界イベント	地政学SNS不安拡散の高止まり	0.51	全体	不安↑ 怒り↑ 逃避行動↑ 慢性負荷↑	SNS不安増幅	ウクライナ(限定戦争)、北朝鮮(間接衝突)、ロシア(間接衝突)、イスラエル(間接衝突)	ステップ6: 地政学リスクが76.4。高リスク国: ウクライナ(限定戦争)、北朝鮮(間接衝突)、ロシア(間接衝突)、イスラエル(間接衝突)。日本の緩衝政策余力は34.1。	危機情報がSNSで増幅し、不安と怒りが日常会話に入り込む。 新しい事件というより、高い不安が続いて疲労感を生む。
WE013	6	制度制約	財政制約による支援遅れの悪化	0.68	全体	制度信頼↓ 裏切られ感↑	日本社会状態	日本	ステップ6: 地政学リスクが76.4。高リスク国: ウクライナ(限定戦争)、北朝鮮(間接衝突)、ロシア(間接衝突)、イスラエル(間接衝突)。日本の緩衝政策余力は34.1。	財政圧力により若者支援や生活支援が遅れ、制度への失望が出やすい。 直近で悪化しており、前よりも日常の判断に入り込みやすい。
FB007	7	社会反応	生活防衛シフト	0.72	全体	生活コスト不安↑ 子ども意向↓	若者・現役行動フィードバック	日本国内	生活防衛43.7、情報過敏16.3、ケア6.6	家計防衛が優先され、将来投資や子どもを迎える判断が後回しになる。
OE007	7	組織判断	企業・組織の採用育成判断	0.53	若者・現役世代	採用不安↑ 若手育成経路↓	組織運営LLM	日本	北関東精密加工株式会社: 新卒は最小維持、保全・品質の中途優先で欠員補填 / 未来通信システム株式会社: 新卒は厳選維持、中途は安保・省電力で増枠 / 首都圏業務支援株式会社: 新卒は少数維持。危機対応・監査の中途を厚めに	北関東精密加工株式会社: 早期戦力化の期待増、AI/機械適性の自己不安も増える / 未来通信システム株式会社: 学習機会格差と選別不安が増え、早期専門化圧力 / 首都圏業務支援株式会社: 新卒枠が狭く不安増。AI監査型OJTで早期戦力化も 現役側には 北関東精密加工株式会社: 現場の多能工化と再学習圧力増、疲労と離職リスク上昇 / 未来通信システム株式会社: 再配置・再学習圧力とSNS不安で離職意向が揺れる / 首都圏業務支援株式会社: 監査・対人負荷が増え消耗懸念。配置転換で再技能圧力
WE014	7	世界イベント	半導体・計算資源制約の悪化	0.54	全体	学習機会格差↑ 雇用不安↑	計算資源制約	ウクライナ(限定戦争)、北朝鮮(間接衝突)、ロシア(間接衝突)、イスラエル(間接衝突)	ステップ7: SNS不安増幅が78.4。高リスク国: ウクライナ(限定戦争)、北朝鮮(間接衝突)、ロシア(間接衝突)、イスラエル(間接衝突)。日本の緩衝政策余力は31.4。	計算資源と半導体制約により、AI利用格差と進路不安が広がる。 直近で悪化しており、前よりも日常の判断に入り込みやすい。
FB008	8	社会反応	生活防衛シフト	0.43	全体	生活コスト不安↑ 子ども意向↓	若者・現役行動フィードバック	日本国内	情報過敏30.0、生活防衛27.7、学習移行7.8	家計防衛が優先され、将来投資や子どもを迎える判断が後回しになる。
FB009	8	社会反応	情報過敏の拡大	0.34	全体	SNS不安↑ 地政学体感リスク↑	若者・現役行動フィードバック	日本国内	情報過敏30.0、生活防衛27.7、学習移行7.8	ニュースやSNSの確認が増え、外圧が日常の不安として体感されやすくなる。
OE008	8	組織判断	企業・組織の採用育成判断	0.49	若者・現役世代	採用不安↑ 若手育成経路↓	組織運営LLM	日本	北関東精密加工株式会社: 新卒枠は維持しつつ絞る。品質/保全の中途を優先 / 首都圏業務支援株式会社: 新卒は少数維持。危機広報・監査の中途を増やす / 未来通信システム株式会社: 新卒は厳選維持、中途は安保・省電力・運用で増枠	北関東精密加工株式会社: 採用厳選で不安増。技能の見える化が安心材料になり得る / 首都圏業務支援株式会社: 希望経路が見えにくく不安増。ケア型OJTで定着は改善 / 未来通信システム株式会社: 就職経路不透明感が増すが、運用・安保職の入口は拡大 現役側には 北関東精密加工株式会社: 雇用維持は続くが配置転換増。再訓練の心理負担が上がる / 首都圏業務支援株式会社: 誤情報対応負荷と監査責任が増え再学習圧力が上昇 / 未来通信システム株式会社: 再学習圧とSNS不安が増幅、配置転換で摩擦が出やすい
WE015	8	世界イベント	AI雇用不安増幅の悪化	0.57	全体	希望経路↓ 自己効力感↓	雇用不確実性	ウクライナ(限定戦争)、北朝鮮(間接衝突)、ロシア(間接衝突)、イスラエル(間接衝突)	ステップ8: SNS不安増幅が81.2。高リスク国: ウクライナ(限定戦争)、北朝鮮(間接衝突)、ロシア(間接衝突)、イスラエル(間接衝突)。日本の緩衝政策余力は29.8。	AIと景気の不確実性により、努力が報われる経路が見えにくくなる。 直近で悪化しており、前よりも日常の判断に入り込みやすい。
FB010	9	社会反応	生活防衛シフト	0.34	全体	生活コスト不安↑ 子ども意向↓	若者・現役行動フィードバック	日本国内	情報過敏34.0、生活防衛23.2、制度要求11.5	家計防衛が優先され、将来投資や子どもを迎える判断が後回しになる。
FB011	9	社会反応	情報過敏の拡大	0.41	全体	SNS不安↑ 地政学体感リスク↑	若者・現役行動フィードバック	日本国内	情報過敏34.0、生活防衛23.2、制度要求11.5	ニュースやSNSの確認が増え、外圧が日常の不安として体感されやすくなる。
OE009	9	組織判断	企業・組織の採用育成判断	0.51	若者・現役世代	採用不安↑ 若手育成経路↓	組織運営LLM	日本	未来通信システム株式会社: 新卒厳選は維持、中途は運用・安保・省電力で増枠 / 北関東精密加工株式会社: 新卒枠は維持し絞る。品質/保全の中途を増やす / 首都圏業務支援株式会社: 新卒は絞り維持。監査・対話設計の中途を増やす	未来通信システム株式会社: 選抜不安が増す一方、運用・監査型キャリアの見通しは改善 / 北関東精密加工株式会社: 不安下でも入職動機が揺れやすいが技能可視化で安心増 / 首都圏業務支援株式会社: 採用枠減で不安増。対話・検証技能の価値が上がる 現役側には 未来通信システム株式会社: 再学習圧力と不安が増大、運用・監査・省電力で職務安定化 / 北関東精密加工株式会社: 配置転換とAI補助で再学習圧。稟議遅れに焦りも増す / 首都圏業務支援株式会社: 監査・ケア役割が増え再訓練負荷と評価軸が変わる
WE016	9	世界イベント	AI雇用不安増幅の悪化	0.70	全体	希望経路↓ 自己効力感↓	雇用不確実性	ウクライナ(限定戦争)、北朝鮮(間接衝突)、ロシア(間接衝突)、イスラエル(間接衝突)	ステップ9: SNS不安増幅が83.4。高リスク国: ウクライナ(限定戦争)、北朝鮮(間接衝突)、ロシア(間接衝突)、イスラエル(間接衝突)。日本の緩衝政策余力は28.1。	AIと景気の不確実性により、努力が報われる経路が見えにくくなる。 直近で悪化しており、前よりも日常の判断に入り込みやすい。
FB012	10	社会反応	生活防衛シフト	0.40	全体	生活コスト不安↑ 子ども意向↓	若者・現役行動フィードバック	日本国内	生活防衛26.0、情報過敏25.9、制度要求14.5	家計防衛が優先され、将来投資や子どもを迎える判断が後回しになる。
FB013	10	社会反応	情報過敏の拡大	0.27	全体	SNS不安↑ 地政学体感リスク↑	若者・現役行動フィードバック	日本国内	生活防衛26.0、情報過敏25.9、制度要求14.5	ニュースやSNSの確認が増え、外圧が日常の不安として体感されやすくなる。
OE010	10	組織判断	企業・組織の採用育成判断	0.50	若者・現役世代	採用不安↑ 若手育成経路↓	組織運営LLM	日本	未来通信システム株式会社: 新卒厳選継続、中途は運用・安保・省電力で増枠 / 北関東精密加工株式会社: 新卒枠は維持し絞る。保全/品質の中途を厚くする / 首都圏業務支援株式会社: 新卒は小枠維持。監査・危機対応の中途を増やす	未来通信システム株式会社: 選別不安が増す一方、運用・監査系の早期成長機会が増加 / 北関東精密加工株式会社: 採用は狭まり不安増。技能の可視化で成長見通しは改善 / 首都圏業務支援株式会社: 対人危機対応スキルは評価増、単純事務は入口が狭まる 現役側には 未来通信システム株式会社: 再学習と統制運用負荷が増大、転換できない層の不安が上昇 / 北関東精密加工株式会社: 現場は変化疲れ増。配置転換とAI補助で負荷平準化 / 首都圏業務支援株式会社: 炎上対応と監査運用の負荷増。再学習と精神負担が上がる
FB014	11	社会反応	生活防衛シフト	0.54	全体	生活コスト不安↑ 子ども意向↓	若者・現役行動フィードバック	日本国内	生活防衛34.1、制度要求20.1、情報過敏15.5	家計防衛が優先され、将来投資や子どもを迎える判断が後回しになる。
OE011	11	組織判断	企業・組織の採用育成判断	0.49	若者・現役世代	採用不安↑ 若手育成経路↓	組織運営LLM	日本	未来通信システム株式会社: 新卒は厳選維持、中途は運用安保と省電力増枠 / 北関東精密加工株式会社: 新卒は維持し枠を絞る。保全/品質/営業の中途を優先 / 首都圏業務支援株式会社: 新卒は小枠維持。炎上監視・監査の中途を増やす	未来通信システム株式会社: 厳選で不安増、運用・統制スキルが武器化 / 北関東精密加工株式会社: 採用枠の絞り込みで不安増。育成筋の可視化で安心を補う / 首都圏業務支援株式会社: 入口は狭いが、危機対応スキル獲得で市場価値は上がる 現役側には 未来通信システム株式会社: 再学習と説明責任負荷増、配置転換圧が強まる / 北関東精密加工株式会社: 自動化不安が増幅。配置転換と技能見える化で納得を作る / 首都圏業務支援株式会社: 監査・説明責任負担が増え再学習と夜間対応が増える
FB015	12	社会反応	生活防衛シフト	0.39	全体	生活コスト不安↑ 子ども意向↓	若者・現役行動フィードバック	日本国内	生活防衛25.7、情報過敏22.1、制度要求21.9	家計防衛が優先され、将来投資や子どもを迎える判断が後回しになる。
OE012	12	組織判断	企業・組織の採用育成判断	0.46	若者・現役世代	育成経路↑ 地域接続↑	組織運営LLM	日本	北関東精密加工株式会社: 新卒枠は維持しつつ絞る。保全/品質の中途を優先 / 首都圏業務支援株式会社: 新卒は小枠維持。危機広報/監査/AI運用の中途を厚く / 関東広域ロジスティクス株式会社: 新卒は運行/安全/設備に限定維持。中途は保全・IT優先	北関東精密加工株式会社: 雇用は安定寄りだが枠減で競争感と不安が残る / 首都圏業務支援株式会社: 新卒枠は細く不安は残るが、危機対応スキルの学習機会は増 / 関東広域ロジスティクス株式会社: 将来不安が強まり応募が揺れるが、技能の見える化で安心が増す 現役側には 北関東精密加工株式会社: 省人化とAI手順化で再配置が進み、心理負荷が上がる / 首都圏業務支援株式会社: 監査・対話設計・顧客折衝へ再配置。精神負荷と当番疲れ増 / 関東広域ロジスティクス株式会社: 現場に再学習負荷と不安。役割定義と手当で離職を抑える
WE017	12	世界イベント	AI雇用不安増幅の高止まり	0.54	全体	希望経路↓ 自己効力感↓ 慢性負荷↑	雇用不確実性	ウクライナ(限定戦争)、ロシア(間接衝突)	ステップ12: SNS不安増幅が79.4。高リスク国: ウクライナ(限定戦争)、ロシア(間接衝突)。日本の緩衝政策余力は28.0。	AIと景気の不確実性により、努力が報われる経路が見えにくくなる。 新しい事件というより、高い不安が続いて疲労感を生む。
WE018	12	世界イベント	地政学SNS不安拡散の高止まり	0.61	全体	不安↑ 怒り↑ 逃避行動↑ 慢性負荷↑	SNS不安増幅	ウクライナ(限定戦争)、ロシア(間接衝突)	ステップ12: SNS不安増幅が79.4。高リスク国: ウクライナ(限定戦争)、ロシア(間接衝突)。日本の緩衝政策余力は28.0。	危機情報がSNSで増幅し、不安と怒りが日常会話に入り込む。 新しい事件というより、高い不安が続いて疲労感を生む。
WE019	12	制度制約	財政制約による支援遅れの高止まり	0.93	全体	制度信頼↓ 裏切られ感↑ 慢性負荷↑	日本社会状態	日本	ステップ12: SNS不安増幅が79.4。高リスク国: ウクライナ(限定戦争)、ロシア(間接衝突)。日本の緩衝政策余力は28.0。	財政圧力により若者支援や生活支援が遅れ、制度への失望が出やすい。 新しい事件というより、高い不安が続いて疲労感を生む。
FB016	13	社会反応	生活防衛シフト	0.42	全体	生活コスト不安↑ 子ども意向↓	若者・現役行動フィードバック	日本国内	生活防衛27.4、情報過敏24.9、制度要求17.3	家計防衛が優先され、将来投資や子どもを迎える判断が後回しになる。
OE013	13	組織判断	企業・組織の採用育成判断	0.46	若者・現役世代	育成経路↑ 地域接続↑	組織運営LLM	日本	未来通信システム株式会社: 新卒は厳選継続、中途は運用安保・統制・省電力を増枠 / 北関東精密加工株式会社: 新卒は小枠維持。中途は保全/品質/情シスを優先 / 関東広域ロジスティクス株式会社: 新卒は運行/安全/設備に限定維持。中途は保全・IT・渉外強化	未来通信システム株式会社: 厳選で不安は増すが、統制・運用志向の学習機会が増える / 北関東精密加工株式会社: 採用絞りで競争増。安心ケアで定着は改善し得る / 関東広域ロジスティクス株式会社: 採用枠限定で不安増。説明・相談強化で離職と炎上を抑制 現役側には 未来通信システム株式会社: 統制・監査・省電力対応へ再学習圧力、心理負荷ケア需要増 / 北関東精密加工株式会社: 現場にAI手順化負荷。雇用は守るが評価不安が増す / 関東広域ロジスティクス株式会社: 現場にAI/ロボ運用負荷増。再配置と外注で過重を緩和
FB017	14	社会反応	生活防衛シフト	0.38	全体	生活コスト不安↑ 子ども意向↓	若者・現役行動フィードバック	日本国内	情報過敏25.9、生活防衛25.4、制度要求19.8	家計防衛が優先され、将来投資や子どもを迎える判断が後回しになる。
FB018	14	社会反応	情報過敏の拡大	0.27	全体	SNS不安↑ 地政学体感リスク↑	若者・現役行動フィードバック	日本国内	情報過敏25.9、生活防衛25.4、制度要求19.8	ニュースやSNSの確認が増え、外圧が日常の不安として体感されやすくなる。
OE014	14	組織判断	企業・組織の採用育成判断	0.48	若者・現役世代	育成経路↑ 地域接続↑	組織運営LLM	日本	未来通信システム株式会社: 新卒は厳選維持、中途は運用安保・省電力・監査を増枠 / 北関東精密加工株式会社: 新卒小枠は維持。中途は生産技術・保全・品質とAI運用を優先 / 首都圏業務支援株式会社: 新卒は小枠維持。炎上対応の中途を増やす	未来通信システム株式会社: 採用厳選で不安増、統制/省電力スキルの評価が上昇 / 北関東精密加工株式会社: 採用枠は細いが育成は見える化。SNS不安で定着支援の価値が上がる / 首都圏業務支援株式会社: 採用は狭いが危機対応スキルが早期に付く 現役側には 未来通信システム株式会社: 炎上対応と統制実務が増え、再学習と業務負荷が上昇 / 北関東精密加工株式会社: 現場のAI/ロボ運用負荷が増え再学習必須。雇用は守るが役割転換が進む / 首都圏業務支援株式会社: 監査・説明責任の負荷増、再学習と当番負担が増す
FB019	15	社会反応	生活防衛シフト	0.41	全体	生活コスト不安↑ 子ども意向↓	若者・現役行動フィードバック	日本国内	情報過敏29.3、生活防衛27.0、制度要求15.7	家計防衛が優先され、将来投資や子どもを迎える判断が後回しになる。
FB020	15	社会反応	情報過敏の拡大	0.33	全体	SNS不安↑ 地政学体感リスク↑	若者・現役行動フィードバック	日本国内	情報過敏29.3、生活防衛27.0、制度要求15.7	ニュースやSNSの確認が増え、外圧が日常の不安として体感されやすくなる。
OE015	15	組織判断	企業・組織の採用育成判断	0.51	若者・現役世代	採用不安↑ 若手育成経路↓	組織運営LLM	日本	未来通信システム株式会社: 新卒は厳選維持、中途は危機広報/統制/省電力を増枠 / 北関東精密加工株式会社: 新卒小枠維持。中途は品質・保全・AI運用を優先し欠員補充 / 首都圏業務支援株式会社: 新卒は小枠維持。危機対応と監査人材を中途増	未来通信システム株式会社: 統制/説明責任適性が重視され、選別不安が増す / 北関東精密加工株式会社: 雇用不安はあるが相談線で緩和。AI前提の基礎技能が早期に身に付く / 首都圏業務支援株式会社: 即戦力志向が強まり、若手はAI運用実務で差が出る 現役側には 未来通信システム株式会社: 監査・危機対応の負荷増、再学習と配置転換が進む / 北関東精密加工株式会社: 再配置とAI手順化で負担増。誤情報対策で現場の混乱は抑制される / 首都圏業務支援株式会社: 監査・説明責任が重く、再学習と業務標準化が進む
FB021	16	社会反応	生活防衛シフト	0.25	全体	生活コスト不安↑ 子ども意向↓	若者・現役行動フィードバック	日本国内	情報過敏31.8、生活防衛18.2、制度要求12.9	家計防衛が優先され、将来投資や子どもを迎える判断が後回しになる。
FB022	16	社会反応	情報過敏の拡大	0.37	全体	SNS不安↑ 地政学体感リスク↑	若者・現役行動フィードバック	日本国内	情報過敏31.8、生活防衛18.2、制度要求12.9	ニュースやSNSの確認が増え、外圧が日常の不安として体感されやすくなる。
OE016	16	組織判断	企業・組織の採用育成判断	0.46	若者・現役世代	育成経路↑ 地域接続↑	組織運営LLM	日本	北関東精密加工株式会社: 新卒は小枠維持。中途は保全・調達・AI運用を優先 / 未来通信システム株式会社: 新卒は厳選維持、中途は統制/省電力/官公需を増枠 / 首都圏業務支援株式会社: 新卒は小枠凍結。危機対応/監査の中途を優先	北関東精密加工株式会社: 採用枠は細く不安増。育成の透明化で離職は抑制 / 未来通信システム株式会社: 支援遅れで不信増、統制志向人材は機会増も不安拡大 / 首都圏業務支援株式会社: 入口は狭いが、監査・対話設計で成長機会 現役側には 北関東精密加工株式会社: 現場は手順変更疲れ。配置転換と技能再定義が進む / 未来通信システム株式会社: 省電力/統制業務へ再配置、負荷増と学び直し圧が強まる / 首都圏業務支援株式会社: 運用監督化で再学習圧力。雇用は維持寄り
WE020	16	世界イベント	間接衝突拡大	0.72	全体	地政学リスク↑ SNS不安↑	国家LLMリスク段階	北朝鮮	ステップ16: 財政圧力が78.8。高リスク国: ウクライナ(限定戦争)、北朝鮮(間接衝突)、ロシア(間接衝突)。日本の緩衝政策余力は24.5。	北朝鮮の間接衝突化により、SNS上の不安と将来予見性の低下が強まる。
WE021	16	制度制約	財政制約による支援遅れの悪化	1.00	全体	制度信頼↓ 裏切られ感↑	日本社会状態	日本	ステップ16: 財政圧力が78.8。高リスク国: ウクライナ(限定戦争)、北朝鮮(間接衝突)、ロシア(間接衝突)。日本の緩衝政策余力は24.5。	財政圧力により若者支援や生活支援が遅れ、制度への失望が出やすい。 直近で悪化しており、前よりも日常の判断に入り込みやすい。
FB023	17	社会反応	生活防衛シフト	0.42	全体	生活コスト不安↑ 子ども意向↓	若者・現役行動フィードバック	日本国内	情報過敏27.9、生活防衛27.1、制度要求20.1	家計防衛が優先され、将来投資や子どもを迎える判断が後回しになる。
FB024	17	社会反応	情報過敏の拡大	0.30	全体	SNS不安↑ 地政学体感リスク↑	若者・現役行動フィードバック	日本国内	情報過敏27.9、生活防衛27.1、制度要求20.1	ニュースやSNSの確認が増え、外圧が日常の不安として体感されやすくなる。
OE017	17	組織判断	企業・組織の採用育成判断	0.49	若者・現役世代	採用不安↑ 若手育成経路↓	組織運営LLM	日本	未来通信システム株式会社: 新卒は厳選維持、中途は官公需/省電力/統制を増枠 / 北関東精密加工株式会社: 新卒小枠維持。中途は保全・品質・AI運用を優先 / 首都圏業務支援株式会社: 新卒は最小枠。危機対応・監査・運用の中途を増やす	未来通信システム株式会社: 採用厳選で不安増、統制/説明スキルが評価軸に / 北関東精密加工株式会社: 不安局面で安定志向強まるが、技能習得速度は上がる / 首都圏業務支援株式会社: 採用狭小化で不安増。危機対応スキル獲得者は伸びる 現役側には 未来通信システム株式会社: 監査・省電力運用へ再学習圧力、現場負荷も増す / 北関東精密加工株式会社: SNS不安で現場抵抗増。再配置と負荷平準化が鍵 / 首都圏業務支援株式会社: 炎上/説明責任の負荷増。再学習と役割転換が加速
WE022	17	世界イベント	地政学SNS不安拡散の悪化	0.65	全体	不安↑ 怒り↑ 逃避行動↑	SNS不安増幅	ウクライナ(限定戦争)、北朝鮮(間接衝突)、ロシア(間接衝突)	ステップ17: SNS不安増幅が80.7。高リスク国: ウクライナ(限定戦争)、北朝鮮(間接衝突)、ロシア(間接衝突)。日本の緩衝政策余力は22.6。	危機情報がSNSで増幅し、不安と怒りが日常会話に入り込む。 直近で悪化しており、前よりも日常の判断に入り込みやすい。
FB025	18	社会反応	生活防衛シフト	0.50	全体	生活コスト不安↑ 子ども意向↓	若者・現役行動フィードバック	日本国内	生活防衛31.5、情報過敏27.5、制度要求19.3	家計防衛が優先され、将来投資や子どもを迎える判断が後回しになる。
FB026	18	社会反応	情報過敏の拡大	0.30	全体	SNS不安↑ 地政学体感リスク↑	若者・現役行動フィードバック	日本国内	生活防衛31.5、情報過敏27.5、制度要求19.3	ニュースやSNSの確認が増え、外圧が日常の不安として体感されやすくなる。
OE018	18	組織判断	企業・組織の採用育成判断	0.53	若者・現役世代	採用不安↑ 若手育成経路↓	組織運営LLM	日本	未来通信システム株式会社: 新卒は厳選維持、中途は省電力DC/公共統制を増枠 / 北関東精密加工株式会社: 新卒小枠維持。中途は保全・省エネ・自動化運用を優先 / 首都圏業務支援株式会社: 新卒は極小。炎上/統制/顧客折衝の中途を優先	未来通信システム株式会社: 選別不安が強まり、統制/説明できる若手が優位 / 北関東精密加工株式会社: 不安下でも採用は継続。ただし即戦力志向で焦り増 / 首都圏業務支援株式会社: 新卒枠減で入口が狭く不安増。台本運用職は増える 現役側には 未来通信システム株式会社: 省電力・監査対応の再学習負荷増、配置転換は増える / 北関東精密加工株式会社: 現場は不安疲労が増。自動化運用役への再配置圧力 / 首都圏業務支援株式会社: 問い合わせ増で負荷増。AI監督/統制役の再配置が進む
WE023	18	世界イベント	エネルギー価格ショック	0.20	全体	生活コスト↑ 子ども意向↓	エネルギー価格圧力	ウクライナ(限定戦争)、北朝鮮(間接衝突)、ロシア(間接衝突)	ステップ18: SNS不安増幅が83.1。高リスク国: ウクライナ(限定戦争)、北朝鮮(間接衝突)、ロシア(間接衝突)。日本の緩衝政策余力は21.1。	エネルギー圧力が高く、家計と移動・電気代への不安が増える。
WE024	18	世界イベント	地政学SNS不安拡散の高止まり	0.72	全体	不安↑ 怒り↑ 逃避行動↑ 慢性負荷↑	SNS不安増幅	ウクライナ(限定戦争)、北朝鮮(間接衝突)、ロシア(間接衝突)	ステップ18: SNS不安増幅が83.1。高リスク国: ウクライナ(限定戦争)、北朝鮮(間接衝突)、ロシア(間接衝突)。日本の緩衝政策余力は21.1。	危機情報がSNSで増幅し、不安と怒りが日常会話に入り込む。 新しい事件というより、高い不安が続いて疲労感を生む。
WE025	18	制度制約	財政制約による支援遅れの高止まり	1.00	全体	制度信頼↓ 裏切られ感↑ 慢性負荷↑	日本社会状態	日本	ステップ18: SNS不安増幅が83.1。高リスク国: ウクライナ(限定戦争)、北朝鮮(間接衝突)、ロシア(間接衝突)。日本の緩衝政策余力は21.1。	財政圧力により若者支援や生活支援が遅れ、制度への失望が出やすい。 新しい事件というより、高い不安が続いて疲労感を生む。
FB027	19	社会反応	生活防衛シフト	0.63	全体	生活コスト不安↑ 子ども意向↓	若者・現役行動フィードバック	日本国内	生活防衛38.7、制度要求18.7、情報過敏16.9	家計防衛が優先され、将来投資や子どもを迎える判断が後回しになる。
OE019	19	組織判断	企業・組織の採用育成判断	0.48	若者・現役世代	育成経路↑ 地域接続↑	組織運営LLM	日本	未来通信システム株式会社: 新卒は厳選継続、中途は官公需/省電力運用を増枠 / 首都圏業務支援株式会社: 新卒は最小維持。統制/監査/顧客折衝の中途を増やす / 北関東精密加工株式会社: 新卒小枠維持。中途は自動化運用・保全・品質を優先	未来通信システム株式会社: 安定志向で官公需/統制領域が人気、選別不安は残る / 首都圏業務支援株式会社: 採用枠減で不安増。短期で監査型スキルが身に付く / 北関東精密加工株式会社: 採用枠が細り不安増。技能×AIで成長機会は残る 現役側には 未来通信システム株式会社: コスト責任と再配置圧が増す一方、基盤職の安定は相対的に高い / 首都圏業務支援株式会社: 配置転換と再教育負荷増。外注化で雇用不安も強まる / 北関東精密加工株式会社: 現場は稼働最適化負担増。配置転換と再訓練が増える
FB028	20	社会反応	生活防衛シフト	0.36	全体	生活コスト不安↑ 子ども意向↓	若者・現役行動フィードバック	日本国内	情報過敏29.9、生活防衛24.1、制度要求20.3	家計防衛が優先され、将来投資や子どもを迎える判断が後回しになる。
FB029	20	社会反応	情報過敏の拡大	0.34	全体	SNS不安↑ 地政学体感リスク↑	若者・現役行動フィードバック	日本国内	情報過敏29.9、生活防衛24.1、制度要求20.3	ニュースやSNSの確認が増え、外圧が日常の不安として体感されやすくなる。
OE020	20	組織判断	企業・組織の採用育成判断	0.50	若者・現役世代	採用不安↑ 若手育成経路↓	組織運営LLM	日本	未来通信システム株式会社: 新卒は厳選継続、中途は不安対応/統制/省電力運用を増枠 / 関東広域ロジスティクス株式会社: 新卒は現場DX/安全/保全に絞り維持。中途は即戦力中心 / 北関東精密加工株式会社: 新卒小枠維持。中途は保全・品質・自動化運用を優先	未来通信システム株式会社: 採用選別不安が増す一方、統制/発信スキル評価が上がる / 関東広域ロジスティクス株式会社: 現場技能の価値が上がる一方、監視責任で心理負荷が増える / 北関東精密加工株式会社: 採用枠は小さく競争増。現場不安には支援策が可視化される 現役側には 未来通信システム株式会社: 不安対応と説明責任が増え、再学習+負荷増で疲弊リスクも上昇 / 関東広域ロジスティクス株式会社: 説明責任と監査対応が増え、疲弊と転職志向が揺れる / 北関東精密加工株式会社: 自動化運用・保全への再配置圧力。SNS不安で離職兆候に注意
WE026	20	世界イベント	地政学SNS不安拡散の悪化	0.70	全体	不安↑ 怒り↑ 逃避行動↑	SNS不安増幅	ウクライナ(限定戦争)	ステップ20: SNS不安増幅が82.6。高リスク国: ウクライナ(限定戦争)。日本の緩衝政策余力は23.3。	危機情報がSNSで増幅し、不安と怒りが日常会話に入り込む。 直近で悪化しており、前よりも日常の判断に入り込みやすい。
FB030	21	社会反応	生活防衛シフト	0.30	全体	生活コスト不安↑ 子ども意向↓	若者・現役行動フィードバック	日本国内	情報過敏33.9、生活防衛20.5、制度要求18.6	家計防衛が優先され、将来投資や子どもを迎える判断が後回しになる。
FB031	21	社会反応	情報過敏の拡大	0.41	全体	SNS不安↑ 地政学体感リスク↑	若者・現役行動フィードバック	日本国内	情報過敏33.9、生活防衛20.5、制度要求18.6	ニュースやSNSの確認が増え、外圧が日常の不安として体感されやすくなる。
OE021	21	組織判断	企業・組織の採用育成判断	0.48	若者・現役世代	育成経路↑ 地域接続↑	組織運営LLM	日本	首都圏業務支援株式会社: 新卒は最小維持。危機対応・統制の中途を優先 / 未来通信システム株式会社: 新卒は厳選継続、中途は監査/広報/省電力運用を増枠 / 北関東精密加工株式会社: 新卒小枠維持。中途は保全・品質・自動化運用を優先	首都圏業務支援株式会社: 若手は心理負荷増。監督スキル獲得で選別も進む / 未来通信システム株式会社: 選別不安が増す一方、説明/監査系の成長機会が増える / 北関東精密加工株式会社: 不安増で定着リスク。手順明確化と対話が効けば安心が増す 現役側には 首都圏業務支援株式会社: 説明責任と再学習圧力が増加。配置転換で摩擦 / 未来通信システム株式会社: 再学習と統制業務が増え、負荷は上がるが雇用は安定寄り / 北関東精密加工株式会社: 現場は監視不安が増すが、負荷軽減と技能評価で納得が進む
FB032	22	社会反応	生活防衛シフト	0.42	全体	生活コスト不安↑ 子ども意向↓	若者・現役行動フィードバック	日本国内	情報過敏30.5、生活防衛27.2、制度要求19.1	家計防衛が優先され、将来投資や子どもを迎える判断が後回しになる。
FB033	22	社会反応	情報過敏の拡大	0.35	全体	SNS不安↑ 地政学体感リスク↑	若者・現役行動フィードバック	日本国内	情報過敏30.5、生活防衛27.2、制度要求19.1	ニュースやSNSの確認が増え、外圧が日常の不安として体感されやすくなる。
OE022	22	組織判断	企業・組織の採用育成判断	0.54	若者・現役世代	採用不安↑ 若手育成経路↓	組織運営LLM	日本	未来通信システム株式会社: 新卒は厳選継続、中途は危機対応/統制/運用を増枠 / 北関東精密加工株式会社: 新卒は小枠維持。中途は保全・品質・自動化運用を優先 / 首都圏業務支援株式会社: 新卒は抑制維持。危機広報/統制の中途を増やす	未来通信システム株式会社: 選別不安が増す一方、統制/運用系の入口が増える / 北関東精密加工株式会社: 安心説明が増える一方、厳選採用で入口不安が残る / 首都圏業務支援株式会社: 新卒枠が細り不安増。AI監督技能が早期に必須化 現役側には 未来通信システム株式会社: 危機対応・説明業務が増え、学習と負荷が同時に上がる / 北関東精密加工株式会社: 運用統制で負荷増。技能転換は進むが不安が再燃しやすい / 首都圏業務支援株式会社: 問い合わせ急増で負荷高。監査/説明責任の負担が増す
WE027	22	世界イベント	間接衝突拡大	0.72	全体	地政学リスク↑ SNS不安↑	国家LLMリスク段階	北朝鮮	ステップ22: SNS不安増幅が80.5。高リスク国: ウクライナ(限定戦争)、北朝鮮(間接衝突)。日本の緩衝政策余力は25.1。	北朝鮮の間接衝突化により、SNS上の不安と将来予見性の低下が強まる。
FB034	23	社会反応	生活防衛シフト	0.62	全体	生活コスト不安↑ 子ども意向↓	若者・現役行動フィードバック	日本国内	生活防衛38.5、情報過敏22.7、制度要求16.1	家計防衛が優先され、将来投資や子どもを迎える判断が後回しになる。
OE023	23	組織判断	企業・組織の採用育成判断	0.50	若者・現役世代	採用不安↑ 若手育成経路↓	組織運営LLM	日本	首都圏業務支援株式会社: 新卒抑制継続。炎上鎮静・監査設計の中途を増やす / 未来通信システム株式会社: 新卒は厳選継続、中途は統制/運用/危機対応を増枠 / 北関東精密加工株式会社: 新卒小枠維持。中途は保全・品質・自動化運用を優先	首都圏業務支援株式会社: 入口が狭まり不安。だが危機運用スキルの習得機会は増 / 未来通信システム株式会社: 選別不安が増す一方、統制・運用系の早期成長機会が増加 / 北関東精密加工株式会社: 採用枠は狭いが、技能＋AI運用の成長機会は増える 現役側には 首都圏業務支援株式会社: 監査・統制負荷が増。再配置で生存も心理負担と評価緊張 / 未来通信システム株式会社: 危機対応と再学習負荷が上がるが、職務転換で雇用は残りやすい / 北関東精密加工株式会社: 現場は不安増。手順化で負荷減も再訓練と監督責任増
WE028	23	世界イベント	間接衝突拡大	0.72	全体	地政学リスク↑ SNS不安↑	国家LLMリスク段階	ロシア	ステップ23: SNS不安増幅が83.2。高リスク国: ウクライナ(限定戦争)、北朝鮮(間接衝突)、ロシア(間接衝突)。日本の緩衝政策余力は23.6。	ロシアの間接衝突化により、SNS上の不安と将来予見性の低下が強まる。
FB035	24	社会反応	制度要求の可視化	0.63	全体	制度応答↑ SNS不安↑	若者・現役行動フィードバック	日本国内	制度要求44.9、生活防衛39.6、情報過敏11.4	怒りや制度要求が可視化され、政策対応への期待と失望が同時に高まる。
FB036	24	社会反応	生活防衛シフト	0.64	全体	生活コスト不安↑ 子ども意向↓	若者・現役行動フィードバック	日本国内	制度要求44.9、生活防衛39.6、情報過敏11.4	家計防衛が優先され、将来投資や子どもを迎える判断が後回しになる。
OE024	24	組織判断	企業・組織の採用育成判断	0.51	若者・現役世代	採用不安↑ 若手育成経路↓	組織運営LLM	日本	首都圏業務支援株式会社: 新卒は絞る。炎上鎮静・監査設計の中途を優先 / 未来通信システム株式会社: 新卒は厳選継続、中途は統制/危機対応/電力最適化を増枠 / 北関東精密加工株式会社: 新卒小枠維持。中途は保全・品質・自動化運用を優先	首都圏業務支援株式会社: 即戦力偏重で入口が狭いが、危機運用スキルは身につく / 未来通信システム株式会社: 採用厳選と不安局面で、早期の適応競争とメンタル負荷が増す / 北関東精密加工株式会社: 将来不安が強く定着懸念。安心材料と成長経路提示が効く 現役側には 首都圏業務支援株式会社: 情緒対応と監査責任が増え、負荷と評価リスクが上がる / 未来通信システム株式会社: 統制・運用・危機対応へ職務再編が進み、説明責任負荷が増す / 北関東精密加工株式会社: 不安疲労で抵抗増。稟議遅延を招くため対話と負担軽減が必要
WE029	24	世界イベント	間接衝突拡大	0.72	全体	地政学リスク↑ SNS不安↑	国家LLMリスク段階	イスラエル	ステップ24: SNS不安増幅が83.5。高リスク国: ウクライナ(限定戦争)、北朝鮮(間接衝突)、ロシア(間接衝突)、イスラエル(間接衝突)。日本の緩衝政策余力は22.6。	イスラエルの間接衝突化により、SNS上の不安と将来予見性の低下が強まる。
WE030	24	世界イベント	地政学SNS不安拡散の高止まり	0.73	全体	不安↑ 怒り↑ 逃避行動↑ 慢性負荷↑	SNS不安増幅	ウクライナ(限定戦争)、北朝鮮(間接衝突)、ロシア(間接衝突)、イスラエル(間接衝突)	ステップ24: SNS不安増幅が83.5。高リスク国: ウクライナ(限定戦争)、北朝鮮(間接衝突)、ロシア(間接衝突)、イスラエル(間接衝突)。日本の緩衝政策余力は22.6。	危機情報がSNSで増幅し、不安と怒りが日常会話に入り込む。 新しい事件というより、高い不安が続いて疲労感を生む。
WE031	24	制度制約	財政制約による支援遅れの高止まり	1.00	全体	制度信頼↓ 裏切られ感↑ 慢性負荷↑	日本社会状態	日本	ステップ24: SNS不安増幅が83.5。高リスク国: ウクライナ(限定戦争)、北朝鮮(間接衝突)、ロシア(間接衝突)、イスラエル(間接衝突)。日本の緩衝政策余力は22.6。	財政圧力により若者支援や生活支援が遅れ、制度への失望が出やすい。 新しい事件というより、高い不安が続いて疲労感を生む。
FB037	25	社会反応	生活防衛シフト	0.58	全体	生活コスト不安↑ 子ども意向↓	若者・現役行動フィードバック	日本国内	生活防衛36.4、制度要求23.7、情報過敏18.0	家計防衛が優先され、将来投資や子どもを迎える判断が後回しになる。
OE025	25	組織判断	企業・組織の採用育成判断	0.50	若者・現役世代	採用不安↑ 若手育成経路↓	組織運営LLM	日本	首都圏業務支援株式会社: 新卒は少数。危機対応設計・監査運用の中途を優先 / 未来通信システム株式会社: 新卒は厳選維持、中途は危機対応/対外説明/省電力を増枠 / 北関東精密加工株式会社: 新卒は小枠維持。中途は自動化保全・品質・営業を優先	首都圏業務支援株式会社: 採用枠縮小で不安増。危機対応スキル習得者は伸びる / 未来通信システム株式会社: 採用絞りで不安増、監査/発信スキルが評価軸化 / 北関東精密加工株式会社: 採用枠は細いが技能×AI人材は評価。将来不安は増幅 現役側には 首都圏業務支援株式会社: 監査・統制運用の負荷増。再配置で職務転換圧が強まる / 未来通信システム株式会社: 統制・説明・省電力運用へ再学習圧力、配置転換増 / 北関東精密加工株式会社: 現場は自動化運用学習が必須。雇用は守るが負荷は増
FB038	26	社会反応	制度要求の可視化	0.34	全体	制度応答↑ SNS不安↑	若者・現役行動フィードバック	日本国内	生活防衛35.2、制度要求28.9、情報過敏14.6	怒りや制度要求が可視化され、政策対応への期待と失望が同時に高まる。
FB039	26	社会反応	生活防衛シフト	0.56	全体	生活コスト不安↑ 子ども意向↓	若者・現役行動フィードバック	日本国内	生活防衛35.2、制度要求28.9、情報過敏14.6	家計防衛が優先され、将来投資や子どもを迎える判断が後回しになる。
OE026	26	組織判断	企業・組織の採用育成判断	0.52	若者・現役世代	採用不安↑ 若手育成経路↓	組織運営LLM	日本	首都圏業務支援株式会社: 新卒は絞り継続。AI監査運用・危機設計の中途を厚く / 未来通信システム株式会社: 新卒は厳選維持、中途は統制運用/省電力/危機対応を増枠 / 北関東精密加工株式会社: 新卒小枠維持。中途は保全・品質・顧客対応を優先	首都圏業務支援株式会社: 新卒枠縮小で不安増。一方AI運用職は早期成長機会 / 未来通信システム株式会社: 厳選採用で不安増、統制運用スキルの早期獲得が鍵 / 北関東精密加工株式会社: 不安対策の見える化で定着は改善、採用枠は狭めで競争感 現役側には 首都圏業務支援株式会社: 監査・対人判断へ職務再編圧力。外注化で雇用不安も増す / 未来通信システム株式会社: 統制運用/省電力/危機対応へ再学習圧力、配置転換が増加 / 北関東精密加工株式会社: 現場はAI手順で負担減も学習圧力増。配置転換で摩擦が出やすい
FB040	27	社会反応	生活防衛シフト	0.42	全体	生活コスト不安↑ 子ども意向↓	若者・現役行動フィードバック	日本国内	生活防衛27.6、情報過敏23.1、制度要求21.8	家計防衛が優先され、将来投資や子どもを迎える判断が後回しになる。
OE027	27	組織判断	企業・組織の採用育成判断	0.50	若者・現役世代	採用不安↑ 若手育成経路↓	組織運営LLM	日本	首都圏業務支援株式会社: 新卒は最小維持。危機対応設計/監査の中途を増やす / 未来通信システム株式会社: 新卒は厳選維持、中途は統制運用/危機対応/省電力を増枠 / 北関東精密加工株式会社: 新卒小枠維持。中途は保全・品質・顧客対応を優先	首都圏業務支援株式会社: 新卒枠縮小で不安増。危機対応スキル習得者は伸長 / 未来通信システム株式会社: 統制・説明力が評価軸化し、適応できぬ層の不安が増す / 北関東精密加工株式会社: 採用枠は小さく不安増。手順化で早期戦力化と安心感は増す 現役側には 首都圏業務支援株式会社: 監査・品質責任が増大。稟議/現場抵抗で負荷が偏る / 未来通信システム株式会社: 監査/危機対応の負荷増、転換機会は増えるが緊張が続く / 北関東精密加工株式会社: 配置転換とAI手順順守が増え負荷。雇用安定で生活不安は抑制
FB041	28	社会反応	制度要求の可視化	0.49	全体	制度応答↑ SNS不安↑	若者・現役行動フィードバック	日本国内	制度要求37.0、生活防衛35.6、情報過敏11.0	怒りや制度要求が可視化され、政策対応への期待と失望が同時に高まる。
FB042	28	社会反応	生活防衛シフト	0.57	全体	生活コスト不安↑ 子ども意向↓	若者・現役行動フィードバック	日本国内	制度要求37.0、生活防衛35.6、情報過敏11.0	家計防衛が優先され、将来投資や子どもを迎える判断が後回しになる。
OE028	28	組織判断	企業・組織の採用育成判断	0.48	若者・現役世代	育成経路↑ 地域接続↑	組織運営LLM	日本	首都圏業務支援株式会社: 新卒は最小維持。監査/危機設計の中途を増やす / 北関東精密加工株式会社: 新卒小枠維持。中途は保全・品質・営業技術を優先 / 未来通信システム株式会社: 新卒は厳選維持、中途は危機対応/統制運用/省電力を増枠	首都圏業務支援株式会社: 安心訴求スキルが評価。新卒枠は細り不安も残る / 北関東精密加工株式会社: 不安下でも育成機会は維持。対人ケアで離職抑制が期待 / 未来通信システム株式会社: 採用厳選で不安増、AI統制・危機対応の育成機会は増える 現役側には 首都圏業務支援株式会社: 監査・顧客折衝へ再配置増。運用負荷と再学習圧が上がる / 北関東精密加工株式会社: 現場は手順標準化で負担減一方、変化疲れと不安対応負荷増 / 未来通信システム株式会社: 統制運用・説明責任の負荷増、職務転換と再学習圧力が強まる
FB043	29	社会反応	制度要求の可視化	0.32	全体	制度応答↑ SNS不安↑	若者・現役行動フィードバック	日本国内	生活防衛41.8、制度要求27.8、情報過敏9.1	怒りや制度要求が可視化され、政策対応への期待と失望が同時に高まる。
FB044	29	社会反応	生活防衛シフト	0.68	全体	生活コスト不安↑ 子ども意向↓	若者・現役行動フィードバック	日本国内	生活防衛41.8、制度要求27.8、情報過敏9.1	家計防衛が優先され、将来投資や子どもを迎える判断が後回しになる。
OE029	29	組織判断	企業・組織の採用育成判断	0.51	若者・現役世代	採用不安↑ 若手育成経路↓	組織運営LLM	日本	未来通信システム株式会社: 新卒厳選維持、危機対応・統制運用の中途を増枠 / 北関東精密加工株式会社: 新卒小枠維持。中途は保全・品質・電力管理を優先 / 首都圏業務支援株式会社: 新卒は最小維持。危機対応設計の中途を増やす	未来通信システム株式会社: 採用選別不安が強まり、統制・運用系スキル需要が増える / 北関東精密加工株式会社: 安定志向が強まり応募は地元回帰。選考は技能＋AI適性で緊張 / 首都圏業務支援株式会社: 新卒枠が細り不安増。短期で実務型スキルが得やすい 現役側には 未来通信システム株式会社: 炎上対応と監査負荷が増え、再学習と職務転換圧が強まる / 北関東精密加工株式会社: 電力高で残業抑制。多能工化とAI手順順守で負荷が増える / 首都圏業務支援株式会社: 業務置換不安が増すが危機対応職へ再配置の機会
WE032	29	世界イベント	エネルギー価格ショック	0.20	全体	生活コスト↑ 子ども意向↓	エネルギー価格圧力	ウクライナ(限定戦争)、北朝鮮(間接衝突)、ロシア(間接衝突)、イスラエル(間接衝突)	ステップ29: SNS不安増幅が90.7。高リスク国: ウクライナ(限定戦争)、北朝鮮(間接衝突)、ロシア(間接衝突)、イスラエル(間接衝突)。日本の緩衝政策余力は17.3。	エネルギー圧力が高く、家計と移動・電気代への不安が増える。
FB045	30	社会反応	生活防衛シフト	0.56	全体	生活コスト不安↑ 子ども意向↓	若者・現役行動フィードバック	日本国内	生活防衛35.1、制度要求23.4、情報過敏15.5	家計防衛が優先され、将来投資や子どもを迎える判断が後回しになる。
OE030	30	組織判断	企業・組織の採用育成判断	0.50	若者・現役世代	採用不安↑ 若手育成経路↓	組織運営LLM	日本	未来通信システム株式会社: 新卒は厳選継続、中途は統制運用・危機対応を増枠 / 首都圏業務支援株式会社: 新卒は抑制維持。炎上・危機対応の中途を厚くする / 北関東精密加工株式会社: 新卒小枠維持。中途は保全・品質・省エネ要員を優先	未来通信システム株式会社: 選別不安が増す一方、危機対応型スキルの価値が上昇 / 首都圏業務支援株式会社: 対人対応の負荷増。型があれば成長機会、無ければ離職増 / 北関東精密加工株式会社: 採用は狭いが育成は手厚め。SNS不安で定着不安が残る 現役側には 未来通信システム株式会社: 統制・対外説明の負荷増、再学習と燃え尽きリスクが上昇 / 首都圏業務支援株式会社: 監査・品質責任が増え疲弊。再配置で雇用は守られやすい / 北関東精密加工株式会社: 現場は手順統一で負荷減も再配置不安。説明不足で反発増
WE033	30	世界イベント	地政学SNS不安拡散の高止まり	0.98	全体	不安↑ 怒り↑ 逃避行動↑ 慢性負荷↑	SNS不安増幅	ウクライナ(限定戦争)、北朝鮮(間接衝突)、ロシア(間接衝突)、イスラエル(間接衝突)	ステップ30: SNS不安増幅が92.2。高リスク国: ウクライナ(限定戦争)、北朝鮮(間接衝突)、ロシア(間接衝突)、イスラエル(間接衝突)。日本の緩衝政策余力は15.2。	危機情報がSNSで増幅し、不安と怒りが日常会話に入り込む。 新しい事件というより、高い不安が続いて疲労感を生む。
WE034	30	制度制約	財政制約による支援遅れの高止まり	1.00	全体	制度信頼↓ 裏切られ感↑ 慢性負荷↑	日本社会状態	日本	ステップ30: SNS不安増幅が92.2。高リスク国: ウクライナ(限定戦争)、北朝鮮(間接衝突)、ロシア(間接衝突)、イスラエル(間接衝突)。日本の緩衝政策余力は15.2。	財政圧力により若者支援や生活支援が遅れ、制度への失望が出やすい。 新しい事件というより、高い不安が続いて疲労感を生む。
FB046	31	社会反応	制度要求の可視化	0.44	全体	制度応答↑ SNS不安↑	若者・現役行動フィードバック	日本国内	生活防衛42.9、制度要求34.3、情報過敏7.6	怒りや制度要求が可視化され、政策対応への期待と失望が同時に高まる。
FB047	31	社会反応	生活防衛シフト	0.70	全体	生活コスト不安↑ 子ども意向↓	若者・現役行動フィードバック	日本国内	生活防衛42.9、制度要求34.3、情報過敏7.6	家計防衛が優先され、将来投資や子どもを迎える判断が後回しになる。
OE031	31	組織判断	企業・組織の採用育成判断	0.50	若者・現役世代	採用不安↑ 若手育成経路↓	組織運営LLM	日本	未来通信システム株式会社: 新卒は厳選維持、中途は統制運用・危機対応を増枠 / 北関東精密加工株式会社: 新卒小枠維持。中途は設備保全・品質・IT兼務を優先 / 首都圏業務支援株式会社: 新卒は小幅維持。炎上対応とAI運用の中途を優先	未来通信システム株式会社: 採用枠は狭まり不安増、統制運用スキルの価値が上がる / 北関東精密加工株式会社: 採用は細るが育成は丁寧化。SNS不安で定着不安が出る / 首都圏業務支援株式会社: 対人対応の負荷増。AI運用スキルで配属差が広がる 現役側には 未来通信システム株式会社: 監査・危機対応へ再配置圧、AI統制運用の再学習が必須化 / 北関東精密加工株式会社: 再配置と兼務が増え負荷上昇。説明不足だと不信が拡大 / 首都圏業務支援株式会社: 監査・根拠提示の負担増。現場抵抗と再学習が同時進行
FB048	32	社会反応	生活防衛シフト	0.55	全体	生活コスト不安↑ 子ども意向↓	若者・現役行動フィードバック	日本国内	生活防衛34.4、制度要求23.2、情報過敏11.2	家計防衛が優先され、将来投資や子どもを迎える判断が後回しになる。
OE032	32	組織判断	企業・組織の採用育成判断	0.48	若者・現役世代	育成経路↑ 地域接続↑	組織運営LLM	日本	首都圏業務支援株式会社: 新卒は厳選維持。炎上対応とAI監査の中途を増やす / 北関東精密加工株式会社: 新卒は小枠維持し定着重視。中途は保全・品質・IT多能工を優先 / 未来通信システム株式会社: 新卒は厳選継続、中途は統制運用・危機対応を増枠	首都圏業務支援株式会社: 新卒枠は狭まり不安。AI運用/対話型の伸び筋は明確化 / 北関東精密加工株式会社: 不安の中でも育成と相談が可視化され定着は改善、選別感は残る / 未来通信システム株式会社: 厳選で不安増、支援導線で定着者は伸びる 現役側には 首都圏業務支援株式会社: 現場はAI監督と説明責任が増加。単純事務は外注側へ圧縮 / 北関東精密加工株式会社: 多能工化と再学習圧が増すが、雇用維持で急激な不安は抑制 / 未来通信システム株式会社: 再学習と当直負荷が増大、透明化で摩擦は低減
FB049	33	社会反応	生活防衛シフト	0.43	全体	生活コスト不安↑ 子ども意向↓	若者・現役行動フィードバック	日本国内	生活防衛27.7、制度要求22.1、情報過敏16.1	家計防衛が優先され、将来投資や子どもを迎える判断が後回しになる。
OE033	33	組織判断	企業・組織の採用育成判断	0.50	若者・現役世代	採用不安↑ 若手育成経路↓	組織運営LLM	日本	未来通信システム株式会社: 新卒は厳選維持、危機対応・統制運用の中途を重点増枠 / 首都圏業務支援株式会社: 新卒は最小限維持。炎上対応・AI監査の中途を優先 / 北関東精密加工株式会社: 新卒小枠維持。中途は保全・品質・情報管理を優先	未来通信システム株式会社: 採用厳選で不安増、ただし危機対応スキル需要は拡大 / 首都圏業務支援株式会社: 新卒枠縮小で不安。危機対応スキルで早期成長の機会も / 北関東精密加工株式会社: SNS不安で応募減・定着不安。説明機会増で緩和 現役側には 未来通信システム株式会社: 統制・説明責任の負荷増、再学習と配置転換が加速 / 首都圏業務支援株式会社: 監査・承認負荷増。省計算運用で標準化と評価圧が強まる / 北関東精密加工株式会社: 再配置と多能工化が増え負荷上昇。不安ケア需要も増
FB050	34	社会反応	生活防衛シフト	0.51	全体	生活コスト不安↑ 子ども意向↓	若者・現役行動フィードバック	日本国内	生活防衛32.3、制度要求21.8、情報過敏12.8	家計防衛が優先され、将来投資や子どもを迎える判断が後回しになる。
OE034	34	組織判断	企業・組織の採用育成判断	0.51	若者・現役世代	採用不安↑ 若手育成経路↓	組織運営LLM	日本	首都圏業務支援株式会社: 新卒は抑制し最小限。炎上対応・AI監査の中途を優先 / 未来通信システム株式会社: 新卒は厳選維持、統制・危機対応の中途を増枠 / 北関東精密加工株式会社: 新卒小枠維持。中途は保全・品質・情報管理優先	首都圏業務支援株式会社: 新卒枠が狭まり不安。AI運用・対人鎮静が早期必須化 / 未来通信システム株式会社: 統制・説明力が評価軸化し、就活の安心志向が強まる / 北関東精密加工株式会社: 不安下でも安全と手順が明確化し定着は改善、採用競争は激化 現役側には 首都圏業務支援株式会社: 炎上対応負荷増。監査/承認に追われ再学習と配置転換圧力 / 未来通信システム株式会社: 監査・危機対応の負荷増、再配置と再学習圧力が上がる / 北関東精密加工株式会社: 監査・品質・保全の負担増。再教育は現場抵抗と両立が課題
FB051	35	社会反応	生活防衛シフト	0.58	全体	生活コスト不安↑ 子ども意向↓	若者・現役行動フィードバック	日本国内	生活防衛36.2、制度要求23.9、情報過敏5.3	家計防衛が優先され、将来投資や子どもを迎える判断が後回しになる。
OE035	35	組織判断	企業・組織の採用育成判断	0.49	若者・現役世代	採用不安↑ 若手育成経路↓	組織運営LLM	日本	未来通信システム株式会社: 新卒は厳選継続、中途は統制・危機対応を重点増枠 / 首都圏業務支援株式会社: 新卒は最小限。炎上対応・AI監査の中途を厚めに確保 / 北関東精密加工株式会社: 新卒小枠維持。中途は保全・品質・情シス厚め	未来通信システム株式会社: 厳選採用で不安増、監査・説明力が評価軸として拡大 / 首都圏業務支援株式会社: 新卒枠が細り不安増。AI監督スキル保有は早期機会が増える / 北関東精密加工株式会社: 採用枠は狭く不安増。技能+AI補助の習得機会は増える 現役側には 未来通信システム株式会社: 統制運用・危機対応へ再学習圧力、配置転換の緊張増 / 首都圏業務支援株式会社: 現役は炎上対応・監査へ再配置。再学習負担と評価圧が増す / 北関東精密加工株式会社: 現場に不安拡散。配置換えと再訓練負荷が上がる
FB052	36	社会反応	生活防衛シフト	0.52	全体	生活コスト不安↑ 子ども意向↓	若者・現役行動フィードバック	日本国内	生活防衛32.8、制度要求22.8、情報過敏9.8	家計防衛が優先され、将来投資や子どもを迎える判断が後回しになる。
OE036	36	組織判断	企業・組織の採用育成判断	0.49	若者・現役世代	採用不安↑ 若手育成経路↓	組織運営LLM	日本	未来通信システム株式会社: 新卒は厳選継続、中途は統制運用・危機対応を増枠 / 北関東精密加工株式会社: 新卒は小枠維持。中途は保全・品質・情シス優先 / 首都圏業務支援株式会社: 新卒は抑制維持。SNS炎上対応・AI監査の中途を厚く確保	未来通信システム株式会社: 選別不安が増え、監査・説明に強い人材が有利 / 北関東精密加工株式会社: SNS不安で志望動機が揺れ、安定志向と早期離職が増える / 首都圏業務支援株式会社: 新卒枠縮小で不安増。短期型育成は効くが長期成長機会は薄い 現役側には 未来通信システム株式会社: 統制運用・危機対応へ再学習圧力、配置転換が増える / 北関東精密加工株式会社: 不安疲労が蓄積。保全・品質の負荷増と再配置ストレス / 首都圏業務支援株式会社: 炎上対応・監査へ負荷集中。再配置で雇用は守るが消耗が増える
WE035	36	世界イベント	間接衝突拡大	0.72	全体	地政学リスク↑ SNS不安↑	国家LLMリスク段階	北朝鮮	ステップ36: SNS不安増幅が90.9。高リスク国: ウクライナ(限定戦争)、北朝鮮(間接衝突)、ロシア(間接衝突)。日本の緩衝政策余力は15.3。	北朝鮮の間接衝突化により、SNS上の不安と将来予見性の低下が強まる。
WE036	36	世界イベント	地政学SNS不安拡散の高止まり	0.94	全体	不安↑ 怒り↑ 逃避行動↑ 慢性負荷↑	SNS不安増幅	ウクライナ(限定戦争)、北朝鮮(間接衝突)、ロシア(間接衝突)	ステップ36: SNS不安増幅が90.9。高リスク国: ウクライナ(限定戦争)、北朝鮮(間接衝突)、ロシア(間接衝突)。日本の緩衝政策余力は15.3。	危機情報がSNSで増幅し、不安と怒りが日常会話に入り込む。 新しい事件というより、高い不安が続いて疲労感を生む。
WE037	36	制度制約	財政制約による支援遅れの高止まり	1.00	全体	制度信頼↓ 裏切られ感↑ 慢性負荷↑	日本社会状態	日本	ステップ36: SNS不安増幅が90.9。高リスク国: ウクライナ(限定戦争)、北朝鮮(間接衝突)、ロシア(間接衝突)。日本の緩衝政策余力は15.3。	財政圧力により若者支援や生活支援が遅れ、制度への失望が出やすい。 新しい事件というより、高い不安が続いて疲労感を生む。
FB053	37	社会反応	制度要求の可視化	0.27	全体	制度応答↑ SNS不安↑	若者・現役行動フィードバック	日本国内	生活防衛34.2、制度要求25.3、情報過敏7.0	怒りや制度要求が可視化され、政策対応への期待と失望が同時に高まる。
FB054	37	社会反応	生活防衛シフト	0.54	全体	生活コスト不安↑ 子ども意向↓	若者・現役行動フィードバック	日本国内	生活防衛34.2、制度要求25.3、情報過敏7.0	家計防衛が優先され、将来投資や子どもを迎える判断が後回しになる。
OE037	37	組織判断	企業・組織の採用育成判断	0.49	若者・現役世代	採用不安↑ 若手育成経路↓	組織運営LLM	日本	関東広域ロジスティクス株式会社: 新卒は現場DX/安全枠を維持。中途は保全・広報・CS増 / 未来通信システム株式会社: 新卒は厳選継続、中途は統制運用・危機対応を増枠 / 北関東精密加工株式会社: 新卒は小枠維持。中途は保全・品質・情シスと営業を厚め	関東広域ロジスティクス株式会社: 採用は維持も対話・安全重視で適性選別が強まる / 未来通信システム株式会社: 選抜強化で不安増、監査・説明スキルが評価軸に / 北関東精密加工株式会社: 採用は狭いが安心感は増す。技能＋AI補助の習熟が進む 現役側には 関東広域ロジスティクス株式会社: 現場の心理負荷増。配置転換と再技能化が常態化する / 未来通信システム株式会社: 統制運用・危機対応へ再学習圧力、配置不安が増幅 / 北関東精密加工株式会社: 多能工化と保守負担が増える。SNS不安で離職意向が揺れる
FB055	38	社会反応	制度要求の可視化	0.28	全体	制度応答↑ SNS不安↑	若者・現役行動フィードバック	日本国内	生活防衛36.6、制度要求25.7、情報過敏6.1	怒りや制度要求が可視化され、政策対応への期待と失望が同時に高まる。
FB056	38	社会反応	生活防衛シフト	0.59	全体	生活コスト不安↑ 子ども意向↓	若者・現役行動フィードバック	日本国内	生活防衛36.6、制度要求25.7、情報過敏6.1	家計防衛が優先され、将来投資や子どもを迎える判断が後回しになる。
OE038	38	組織判断	企業・組織の採用育成判断	0.50	若者・現役世代	採用不安↑ 若手育成経路↓	組織運営LLM	日本	未来通信システム株式会社: 新卒は厳選継続、中途は統制運用・監査を増枠 / 首都圏業務支援株式会社: 新卒は最小枠で継続。AI監査/危機対応の中途を優先 / 北関東精密加工株式会社: 新卒は小枠維持。中途は保全・品質・情シス優先	未来通信システム株式会社: 選別不安が増す一方、安心材料として研修が効く / 首都圏業務支援株式会社: 新卒枠減で不安。AI運用/監査スキルが早期に必須化 / 北関東精密加工株式会社: 不安下でも安心材料提示で応募維持、早期独り立ち促進 現役側には 未来通信システム株式会社: 監査・危機対応へ負荷増、再学習と配置不安が上がる / 首都圏業務支援株式会社: 窓口業務は再配置圧。監督・品質・危機対応へ学び直し / 北関東精密加工株式会社: 保全・品質・段取り負荷増。再配置と技能更新が進む
WE038	38	世界イベント	間接衝突拡大	0.72	全体	地政学リスク↑ SNS不安↑	国家LLMリスク段階	北朝鮮、イスラエル	ステップ38: SNS不安増幅が90.6。高リスク国: ウクライナ(限定戦争)、北朝鮮(間接衝突)、ロシア(間接衝突)、イスラエル(間接衝突)。日本の緩衝政策余力は14.6。	北朝鮮、イスラエルの間接衝突化により、SNS上の不安と将来予見性の低下が強まる。
FB057	39	社会反応	生活防衛シフト	0.49	全体	生活コスト不安↑ 子ども意向↓	若者・現役行動フィードバック	日本国内	生活防衛31.2、制度要求18.9、情報過敏12.6	家計防衛が優先され、将来投資や子どもを迎える判断が後回しになる。
OE039	39	組織判断	企業・組織の採用育成判断	0.50	若者・現役世代	採用不安↑ 若手育成経路↓	組織運営LLM	日本	首都圏業務支援株式会社: 新卒は少数継続。AI監査・危機対応の中途を厚く / 北関東精密加工株式会社: 新卒小枠維持。中途は保全・品質・情シス優先、広報で安心訴求 / 関東広域ロジスティクス株式会社: 新卒は現場DX/安全枠を維持。中途は対外対応と保全増	首都圏業務支援株式会社: 希望経路が見えにくく不安増。採用枠は狭まり選別感 / 北関東精密加工株式会社: 雇用不安は残るが、学習手順が明確化し自己効力感は下げ止まり / 関東広域ロジスティクス株式会社: 採用枠は限定で不安増。説明力・安全DXの学習動機は上がる 現役側には 首都圏業務支援株式会社: 再配置と監査責任が増える。外注調整で雇用不安も残る / 北関東精密加工株式会社: 再配置とAI補助で負荷は一時増。雇用維持の安心は部分的に効く / 関東広域ロジスティクス株式会社: 再配置と保全内製で負荷増。SNS対応と再学習が常態化
WE039	39	世界イベント	AI雇用不安増幅の悪化	0.82	全体	希望経路↓ 自己効力感↓	雇用不確実性	ウクライナ(限定戦争)、北朝鮮(間接衝突)、ロシア(間接衝突)、イスラエル(間接衝突)	ステップ39: SNS不安増幅が91.9。高リスク国: ウクライナ(限定戦争)、北朝鮮(間接衝突)、ロシア(間接衝突)、イスラエル(間接衝突)。日本の緩衝政策余力は13.6。	AIと景気の不確実性により、努力が報われる経路が見えにくくなる。 直近で悪化しており、前よりも日常の判断に入り込みやすい。
FB058	40	社会反応	生活防衛シフト	0.63	全体	生活コスト不安↑ 子ども意向↓	若者・現役行動フィードバック	日本国内	生活防衛39.1、制度要求23.0、学習移行5.2	家計防衛が優先され、将来投資や子どもを迎える判断が後回しになる。
OE040	40	組織判断	企業・組織の採用育成判断	0.47	若者・現役世代	育成経路↑ 地域接続↑	組織運営LLM	日本	未来通信システム株式会社: 新卒は厳選維持、中途は統制運用・セキュリティ増枠 / 北関東精密加工株式会社: 新卒小枠維持。中途は保全・品質・情シス優先、SNS不安に説明強化 / 首都圏業務支援株式会社: 新卒は最小枠維持。AI監査・危機対応の中途を増やす	未来通信システム株式会社: 安心設計の育成は追い風、選別不安で応募は二極化 / 北関東精密加工株式会社: 安心説明が増える一方、採用枠小で競争感と現場適応圧が上がる / 首都圏業務支援株式会社: 採用は絞られ不安増。育成は危機対応スキルで市場価値は上がる 現役側には 未来通信システム株式会社: 監査・BCP系へ再学習圧力、異動不安の対話需要が増大 / 北関東精密加工株式会社: 配置換えと技能再学習が常態化。SNS不安で離職衝動が揺れやすい / 首都圏業務支援株式会社: 現場は監査・説明責任が増え負荷上昇。再配置で雇用は守られやすい
FB059	41	社会反応	制度要求の可視化	0.31	全体	制度応答↑ SNS不安↑	若者・現役行動フィードバック	日本国内	生活防衛35.2、制度要求27.2、情報過敏8.9	怒りや制度要求が可視化され、政策対応への期待と失望が同時に高まる。
FB060	41	社会反応	生活防衛シフト	0.56	全体	生活コスト不安↑ 子ども意向↓	若者・現役行動フィードバック	日本国内	生活防衛35.2、制度要求27.2、情報過敏8.9	家計防衛が優先され、将来投資や子どもを迎える判断が後回しになる。
OE041	41	組織判断	企業・組織の採用育成判断	0.46	若者・現役世代	育成経路↑ 地域接続↑	組織運営LLM	日本	北関東精密加工株式会社: 新卒は小枠維持。中途は保全・品質・生産技術を厚め、説明会増 / 首都圏業務支援株式会社: 新卒最小枠維持。AI監査・危機対応の中途を優先増 / 関東広域ロジスティクス株式会社: 新卒は安全/現場DXに絞り維持。中途は危機対応と保全増	北関東精密加工株式会社: 仕事消失不安が出るが、技能×AIの見通し提示で定着が改善 / 首都圏業務支援株式会社: 新卒枠が狭く不安。採用者は炎上対応スキルで伸びやすい / 関東広域ロジスティクス株式会社: 管理候補は早期登用機会増。現場職は選別不安と負荷増 現役側には 北関東精密加工株式会社: 保全・段取り職に再学習負荷。役割表で不安は一定抑制される / 首都圏業務支援株式会社: 窓口現場に再配置負荷。AI監督/復旧技能の習得圧力が強まる / 関東広域ロジスティクス株式会社: 説明/苦情対応が増え負担増。配置転換で再学習圧力が上昇
FB061	42	社会反応	制度要求の可視化	0.31	全体	制度応答↑ SNS不安↑	若者・現役行動フィードバック	日本国内	生活防衛36.0、制度要求27.2、情報過敏4.5	怒りや制度要求が可視化され、政策対応への期待と失望が同時に高まる。
FB062	42	社会反応	生活防衛シフト	0.58	全体	生活コスト不安↑ 子ども意向↓	若者・現役行動フィードバック	日本国内	生活防衛36.0、制度要求27.2、情報過敏4.5	家計防衛が優先され、将来投資や子どもを迎える判断が後回しになる。
OE042	42	組織判断	企業・組織の採用育成判断	0.46	若者・現役世代	育成経路↑ 地域接続↑	組織運営LLM	日本	未来通信システム株式会社: 新卒は厳選維持、中途は監査・BCP・省電力運用を増枠 / 北関東精密加工株式会社: 新卒小枠維持。中途は保全・品質厚め、発信強化 / 首都圏業務支援株式会社: 新卒は最小枠維持。炎上/危機窓口の中途を優先	未来通信システム株式会社: 将来不安下で選別感増、ただし監査・省電力系に道筋 / 北関東精密加工株式会社: 雇用不安に配慮され安心感増。ただ採用枠は細く競争感 / 首都圏業務支援株式会社: 採用枠の狭さと不安対応スキル需要で二極化が進む 現役側には 未来通信システム株式会社: 運用・説明責任が増え負荷上昇、転換機会は残す / 北関東精密加工株式会社: AI/ロボ運用負荷増。現場抵抗と疲労にケアと説明が必要 / 首都圏業務支援株式会社: 窓口/監督の負荷増。軽量運用と監査で技能転換圧力
WE040	42	世界イベント	AI雇用不安増幅の悪化	0.78	全体	希望経路↓ 自己効力感↓	雇用不確実性	ウクライナ(限定戦争)、ロシア(間接衝突)、イスラエル(間接衝突)	ステップ42: SNS不安増幅が87.4。高リスク国: ウクライナ(限定戦争)、ロシア(間接衝突)、イスラエル(間接衝突)。日本の緩衝政策余力は17.1。	AIと景気の不確実性により、努力が報われる経路が見えにくくなる。 直近で悪化しており、前よりも日常の判断に入り込みやすい。
WE041	42	世界イベント	地政学SNS不安拡散の高止まり	0.84	全体	不安↑ 怒り↑ 逃避行動↑ 慢性負荷↑	SNS不安増幅	ウクライナ(限定戦争)、ロシア(間接衝突)、イスラエル(間接衝突)	ステップ42: SNS不安増幅が87.4。高リスク国: ウクライナ(限定戦争)、ロシア(間接衝突)、イスラエル(間接衝突)。日本の緩衝政策余力は17.1。	危機情報がSNSで増幅し、不安と怒りが日常会話に入り込む。 新しい事件というより、高い不安が続いて疲労感を生む。
WE042	42	制度制約	財政制約による支援遅れの高止まり	1.00	全体	制度信頼↓ 裏切られ感↑ 慢性負荷↑	日本社会状態	日本	ステップ42: SNS不安増幅が87.4。高リスク国: ウクライナ(限定戦争)、ロシア(間接衝突)、イスラエル(間接衝突)。日本の緩衝政策余力は17.1。	財政圧力により若者支援や生活支援が遅れ、制度への失望が出やすい。 新しい事件というより、高い不安が続いて疲労感を生む。
FB063	43	社会反応	制度要求の可視化	0.28	全体	制度応答↑ SNS不安↑	若者・現役行動フィードバック	日本国内	生活防衛33.1、制度要求25.9、情報過敏9.9	怒りや制度要求が可視化され、政策対応への期待と失望が同時に高まる。
FB064	43	社会反応	生活防衛シフト	0.52	全体	生活コスト不安↑ 子ども意向↓	若者・現役行動フィードバック	日本国内	生活防衛33.1、制度要求25.9、情報過敏9.9	家計防衛が優先され、将来投資や子どもを迎える判断が後回しになる。
OE043	43	組織判断	企業・組織の採用育成判断	0.50	若者・現役世代	採用不安↑ 若手育成経路↓	組織運営LLM	日本	首都圏業務支援株式会社: 新卒は最小枠維持。SNS炎上対応の中途を優先 / 北関東精密加工株式会社: 新卒小枠維持。中途は保全・品質＋調達経験を優先 / 関東広域ロジスティクス株式会社: 新卒は現場DX/安全候補に限定維持。中途は保全・危機対応を増枠	首都圏業務支援株式会社: 採用枠縮小で不安増。AI運用技能の学習圧が上がる / 北関東精密加工株式会社: 将来不安が増す一方、安心設計のOJTで定着は改善 / 関東広域ロジスティクス株式会社: 採用枠は狭いが不安対話力とDX経験が武器化しやすい 現役側には 首都圏業務支援株式会社: 炎上対応負荷が増。再配置と監査業務で負担が増える / 北関東精密加工株式会社: 保全・品質の負荷増。AI手順化で属人化低下へ圧力 / 関東広域ロジスティクス株式会社: 保全・運行の負荷増。説明責任と再学習が常態化し疲弊リスク
WE043	43	世界イベント	間接衝突拡大	0.72	全体	地政学リスク↑ SNS不安↑	国家LLMリスク段階	北朝鮮	ステップ43: SNS不安増幅が89.0。高リスク国: ウクライナ(限定戦争)、北朝鮮(間接衝突)、ロシア(間接衝突)、イスラエル(間接衝突)。日本の緩衝政策余力は15.6。	北朝鮮の間接衝突化により、SNS上の不安と将来予見性の低下が強まる。
WE044	43	世界イベント	半導体・計算資源制約の悪化	0.79	全体	学習機会格差↑ 雇用不安↑	計算資源制約	ウクライナ(限定戦争)、北朝鮮(間接衝突)、ロシア(間接衝突)、イスラエル(間接衝突)	ステップ43: SNS不安増幅が89.0。高リスク国: ウクライナ(限定戦争)、北朝鮮(間接衝突)、ロシア(間接衝突)、イスラエル(間接衝突)。日本の緩衝政策余力は15.6。	計算資源と半導体制約により、AI利用格差と進路不安が広がる。 直近で悪化しており、前よりも日常の判断に入り込みやすい。
FB065	44	社会反応	制度要求の可視化	0.34	全体	制度応答↑ SNS不安↑	若者・現役行動フィードバック	日本国内	生活防衛38.3、制度要求28.7、情報過敏2.8	怒りや制度要求が可視化され、政策対応への期待と失望が同時に高まる。
FB066	44	社会反応	生活防衛シフト	0.62	全体	生活コスト不安↑ 子ども意向↓	若者・現役行動フィードバック	日本国内	生活防衛38.3、制度要求28.7、情報過敏2.8	家計防衛が優先され、将来投資や子どもを迎える判断が後回しになる。
OE044	44	組織判断	企業・組織の採用育成判断	0.47	若者・現役世代	育成経路↑ 地域接続↑	組織運営LLM	日本	未来通信システム株式会社: 新卒は厳選維持、中途は統制・危機対応・省計算を増枠 / 首都圏業務支援株式会社: 新卒は最小枠維持。危機対応と監査設計の中途を増 / 北関東精密加工株式会社: 新卒小枠維持。中途は保全・品質・生産計画を優先	未来通信システム株式会社: 選別不安が強まり、監査・説明系スキル志向が増える / 首都圏業務支援株式会社: 新卒枠が細く競争増。AI運用/対人対応を学べる者が有利 / 北関東精密加工株式会社: 採用は狭くなるが、安心設計の育成で定着は上がる 現役側には 未来通信システム株式会社: 危機対応と省計算運用へ再配置が進み、負荷と再学習圧が増す / 首都圏業務支援株式会社: 監査・危機対応へ再配置が進む。外注化で不安定化も増 / 北関東精密加工株式会社: 現場は不安増。AI手順明確化で再配置と負担平準化
FB067	45	社会反応	制度要求の可視化	0.35	全体	制度応答↑ SNS不安↑	若者・現役行動フィードバック	日本国内	生活防衛35.2、制度要求29.3、情報過敏5.4	怒りや制度要求が可視化され、政策対応への期待と失望が同時に高まる。
FB068	45	社会反応	生活防衛シフト	0.56	全体	生活コスト不安↑ 子ども意向↓	若者・現役行動フィードバック	日本国内	生活防衛35.2、制度要求29.3、情報過敏5.4	家計防衛が優先され、将来投資や子どもを迎える判断が後回しになる。
OE045	45	組織判断	企業・組織の採用育成判断	0.46	若者・現役世代	育成経路↑ 地域接続↑	組織運営LLM	日本	首都圏業務支援株式会社: 新卒は最小枠維持。危機広報・監査設計の中途を増やす / 関東広域ロジスティクス株式会社: 新卒は現場DX/安全に限定維持。中途は保全・配車を増枠 / 北関東精密加工株式会社: 新卒小枠維持。中途は保全・品質・調達を優先	首都圏業務支援株式会社: 新卒枠は細るが、対話・監査スキル型の入口は残る / 関東広域ロジスティクス株式会社: 配属不安は増すが、班長登用前倒しで成長期待は維持 / 北関東精密加工株式会社: 採用枠は狭いが技能とAI両立の成長機会は残る 現役側には 首都圏業務支援株式会社: 現場は不安対応負荷増。軽量AI運用と監査手順の習熟が必須に / 関東広域ロジスティクス株式会社: 手動代替訓練と情報統制が増え負荷増。配置転換で雇用は維持 / 北関東精密加工株式会社: 現場の不安増。手順化で負荷減る一方、再学習圧は上がる
FB069	46	社会反応	制度要求の可視化	0.36	全体	制度応答↑ SNS不安↑	若者・現役行動フィードバック	日本国内	生活防衛34.3、制度要求29.9、学習移行4.4	怒りや制度要求が可視化され、政策対応への期待と失望が同時に高まる。
FB070	46	社会反応	生活防衛シフト	0.55	全体	生活コスト不安↑ 子ども意向↓	若者・現役行動フィードバック	日本国内	生活防衛34.3、制度要求29.9、学習移行4.4	家計防衛が優先され、将来投資や子どもを迎える判断が後回しになる。
OE046	46	組織判断	企業・組織の採用育成判断	0.44	若者・現役世代	育成経路↑ 地域接続↑	組織運営LLM	日本	北関東精密加工株式会社: 新卒小枠維持。中途は保全・品質・生産技術を優先 / 首都圏業務支援株式会社: 新卒は最小枠維持。危機広報・監査設計の中途を優先 / 関東広域ロジスティクス株式会社: 新卒は現場DX/安全の少数維持。中途は保全・配車・調達を増枠	北関東精密加工株式会社: 採用枠は狭いが技能×AIの育成で定着が進む / 首都圏業務支援株式会社: 採用枠は狭いが、対話・監査スキル型の成長機会は増える / 関東広域ロジスティクス株式会社: 採用枠は絞られるがDX/安全系は早期登用機会が増える 現役側には 北関東精密加工株式会社: 現場は負荷増。職務転換の不安を対話で抑える / 首都圏業務支援株式会社: 現場は監査対応と再配置が進み、外注調整で不安定感が残る / 関東広域ロジスティクス株式会社: 不安対応と手動代替訓練が増え負荷上昇、職転換の機会も増える
WE045	46	世界イベント	供給網不安拡大の悪化	0.77	全体	物価不安↑ 雇用安定↓	供給網不安	ウクライナ(限定戦争)、北朝鮮(間接衝突)、イスラエル(間接衝突)	ステップ46: SNS不安増幅が92.7。高リスク国: ウクライナ(限定戦争)、北朝鮮(間接衝突)、イスラエル(間接衝突)。日本の緩衝政策余力は13.1。	供給網の不安定化により、物価と企業採用への不安が残る。 直近で悪化しており、前よりも日常の判断に入り込みやすい。
FB071	47	社会反応	制度要求の可視化	0.43	全体	制度応答↑ SNS不安↑	若者・現役行動フィードバック	日本国内	生活防衛35.5、制度要求33.7、連帯3.9	怒りや制度要求が可視化され、政策対応への期待と失望が同時に高まる。
FB072	47	社会反応	生活防衛シフト	0.57	全体	生活コスト不安↑ 子ども意向↓	若者・現役行動フィードバック	日本国内	生活防衛35.5、制度要求33.7、連帯3.9	家計防衛が優先され、将来投資や子どもを迎える判断が後回しになる。
OE047	47	組織判断	企業・組織の採用育成判断	0.47	若者・現役世代	育成経路↑ 地域接続↑	組織運営LLM	日本	北関東精密加工株式会社: 新卒小枠維持。中途は保全・品質・生技を優先 / 関東広域ロジスティクス株式会社: 新卒は現場DX/安全の少数維持。中途は保全・配車・危機広報を増枠 / 首都圏業務支援株式会社: 新卒最小枠維持。危機広報・監査設計の中途を継続優先	北関東精密加工株式会社: 不安は増すが役割明確化で定着は改善。技能×AIの伸び / 関東広域ロジスティクス株式会社: 少数精鋭化で入口は狭いが、早期登用と不安対応技能が付く / 首都圏業務支援株式会社: 入口は狭いが、不安対応とAI運用の実務で成長機会は残る 現役側には 北関東精密加工株式会社: 不安拡散で現場抵抗増。説明負荷と再配置ストレスが上昇 / 関東広域ロジスティクス株式会社: 現場は説明・対人負荷増。AI補助で残業圧は下げるが再学習は必須 / 首都圏業務支援株式会社: 監査・説明責任の負荷増。外注調整で雇用不安と再配置が増える
WE046	47	世界イベント	間接衝突拡大	0.72	全体	地政学リスク↑ SNS不安↑	国家LLMリスク段階	ロシア	ステップ47: SNS不安増幅が92.3。高リスク国: ウクライナ(限定戦争)、北朝鮮(間接衝突)、ロシア(間接衝突)、イスラエル(間接衝突)。日本の緩衝政策余力は13.6。	ロシアの間接衝突化により、SNS上の不安と将来予見性の低下が強まる。
FB073	48	社会反応	制度要求の可視化	0.42	全体	制度応答↑ SNS不安↑	若者・現役行動フィードバック	日本国内	生活防衛39.6、制度要求33.3、連帯5.7	怒りや制度要求が可視化され、政策対応への期待と失望が同時に高まる。
FB074	48	社会反応	生活防衛シフト	0.64	全体	生活コスト不安↑ 子ども意向↓	若者・現役行動フィードバック	日本国内	生活防衛39.6、制度要求33.3、連帯5.7	家計防衛が優先され、将来投資や子どもを迎える判断が後回しになる。
OE048	48	組織判断	企業・組織の採用育成判断	0.51	若者・現役世代	採用不安↑ 若手育成経路↓	組織運営LLM	日本	北関東精密加工株式会社: 新卒は小枠維持。中途は保全・品質・生技を厚め、採用広報で不安抑制 / 首都圏業務支援株式会社: 新卒最小枠維持。危機対応・監査設計の中途優先継続 / 関東広域ロジスティクス株式会社: 新卒は現場DX/安全の少数維持。中途は運行管理・保全・広報を優先	北関東精密加工株式会社: 新卒枠は維持で安心感。現場配属前の標準化で早期定着が上がる / 首都圏業務支援株式会社: 情緒労働が増え負荷高。AI運用技能は伸びるが配属不安も増 / 関東広域ロジスティクス株式会社: 採用枠は狭いが早期登用は増え、心理負荷対策の学習が必須化 現役側には 北関東精密加工株式会社: 保全・品質に負荷増。AI/ロボ前提の段取り変更で再学習と役割再定義が進む / 首都圏業務支援株式会社: 対人不安対応と監査負荷が増。職務転換は進むが疲弊リスク / 関東広域ロジスティクス株式会社: 炎上対応と現場DXが追加業務化。配置転換は増えるが雇用は守られやすい
WE047	48	世界イベント	地政学SNS不安拡散の高止まり	0.96	全体	不安↑ 怒り↑ 逃避行動↑ 慢性負荷↑	SNS不安増幅	ウクライナ(限定戦争)、北朝鮮(間接衝突)、ロシア(間接衝突)、イスラエル(間接衝突)	ステップ48: SNS不安増幅が91.6。高リスク国: ウクライナ(限定戦争)、北朝鮮(間接衝突)、ロシア(間接衝突)、イスラエル(間接衝突)。日本の緩衝政策余力は14.4。	危機情報がSNSで増幅し、不安と怒りが日常会話に入り込む。 新しい事件というより、高い不安が続いて疲労感を生む。
WE048	48	制度制約	財政制約による支援遅れの高止まり	1.00	全体	制度信頼↓ 裏切られ感↑ 慢性負荷↑	日本社会状態	日本	ステップ48: SNS不安増幅が91.6。高リスク国: ウクライナ(限定戦争)、北朝鮮(間接衝突)、ロシア(間接衝突)、イスラエル(間接衝突)。日本の緩衝政策余力は14.4。	財政圧力により若者支援や生活支援が遅れ、制度への失望が出やすい。 新しい事件というより、高い不安が続いて疲労感を生む。
FB075	49	社会反応	制度要求の可視化	0.44	全体	制度応答↑ SNS不安↑	若者・現役行動フィードバック	日本国内	生活防衛38.6、制度要求34.3、連帯3.0	怒りや制度要求が可視化され、政策対応への期待と失望が同時に高まる。
FB076	49	社会反応	生活防衛シフト	0.62	全体	生活コスト不安↑ 子ども意向↓	若者・現役行動フィードバック	日本国内	生活防衛38.6、制度要求34.3、連帯3.0	家計防衛が優先され、将来投資や子どもを迎える判断が後回しになる。
OE049	49	組織判断	企業・組織の採用育成判断	0.47	若者・現役世代	育成経路↑ 地域接続↑	組織運営LLM	日本	未来通信システム株式会社: 新卒は厳選維持、中途で統制・省電力・BCPを厚く / 北関東精密加工株式会社: 新卒は小枠維持。中途は保全・品質厚め、SNS不安に先回り説明 / 関東広域ロジスティクス株式会社: 新卒は現場DX/安全の少数維持。中途は運行/保全/CS増	未来通信システム株式会社: 厳選と不安で応募二極化、実務型研修が定着しやすい / 北関東精密加工株式会社: 採用枠は小さいが不安説明で納得感。AI補助で成長速度は維持 / 関東広域ロジスティクス株式会社: 新卒枠は狭いが、班長前倒しで成長機会は残る 現役側には 未来通信システム株式会社: 監査運用・省計算の負荷増、再配置と学び直し圧が上昇 / 北関東精密加工株式会社: 保全・段取りの需要増。配置転換と再学習圧力、雇用不安は抑制 / 関東広域ロジスティクス株式会社: 現場に監視/説明負荷増。運行管理は再学習と職務再編
FB077	50	社会反応	制度要求の可視化	0.51	全体	制度応答↑ SNS不安↑	若者・現役行動フィードバック	日本国内	制度要求38.5、生活防衛38.2、連帯3.6	怒りや制度要求が可視化され、政策対応への期待と失望が同時に高まる。
FB078	50	社会反応	生活防衛シフト	0.62	全体	生活コスト不安↑ 子ども意向↓	若者・現役行動フィードバック	日本国内	制度要求38.5、生活防衛38.2、連帯3.6	家計防衛が優先され、将来投資や子どもを迎える判断が後回しになる。
OE050	50	組織判断	企業・組織の採用育成判断	0.52	若者・現役世代	採用不安↑ 若手育成経路↓	組織運営LLM	日本	北関東精密加工株式会社: 新卒は小枠維持。中途は保全・品質・説明役を厚め、内定不安に先回り / 関東広域ロジスティクス株式会社: 新卒は現場DX/安全を少数継続。中途は運行/保全/CS厚め / 未来通信システム株式会社: 新卒は厳選維持、中途で統制・BCP・省電力を厚く	北関東精密加工株式会社: 将来不安は残るが、説明と相談窓口で安心感が増え定着が改善 / 関東広域ロジスティクス株式会社: 安定志向が強まり志望は二極化。AI活用前提の学習負荷が増す / 未来通信システム株式会社: 将来不安が増え厳選感が強化、安心設計が鍵 現役側には 北関東精密加工株式会社: 配置転換と保全育成で負荷は増えるが、雇用維持期待は高まり離職が抑制 / 関東広域ロジスティクス株式会社: 現場は不安対策業務が増加。再配置と技能更新の圧力が高まる / 未来通信システム株式会社: 監査運用・BCP人材が厚遇、再学習圧が上がる
WE049	50	世界イベント	間接衝突拡大	0.72	全体	地政学リスク↑ SNS不安↑	国家LLMリスク段階	北朝鮮	ステップ50: SNS不安増幅が88.5。高リスク国: ウクライナ(限定戦争)、北朝鮮(間接衝突)、ロシア(間接衝突)、イスラエル(間接衝突)。日本の緩衝政策余力は17.1。	北朝鮮の間接衝突化により、SNS上の不安と将来予見性の低下が強まる。
WE050	50	世界イベント	AI雇用不安増幅の悪化	0.77	全体	希望経路↓ 自己効力感↓	雇用不確実性	ウクライナ(限定戦争)、北朝鮮(間接衝突)、ロシア(間接衝突)、イスラエル(間接衝突)	ステップ50: SNS不安増幅が88.5。高リスク国: ウクライナ(限定戦争)、北朝鮮(間接衝突)、ロシア(間接衝突)、イスラエル(間接衝突)。日本の緩衝政策余力は17.1。	AIと景気の不確実性により、努力が報われる経路が見えにくくなる。 直近で悪化しており、前よりも日常の判断に入り込みやすい。
FB079	51	社会反応	制度要求の可視化	0.42	全体	制度応答↑ SNS不安↑	若者・現役行動フィードバック	日本国内	生活防衛35.0、制度要求33.1、情報過敏6.9	怒りや制度要求が可視化され、政策対応への期待と失望が同時に高まる。
FB080	51	社会反応	生活防衛シフト	0.56	全体	生活コスト不安↑ 子ども意向↓	若者・現役行動フィードバック	日本国内	生活防衛35.0、制度要求33.1、情報過敏6.9	家計防衛が優先され、将来投資や子どもを迎える判断が後回しになる。
OE051	51	組織判断	企業・組織の採用育成判断	0.51	若者・現役世代	採用不安↑ 若手育成経路↓	組織運営LLM	日本	北関東精密加工株式会社: 新卒小枠維持。中途は保全・品質・営業説明を重点、内定不安に先回り / 関東広域ロジスティクス株式会社: 新卒は現場DX/安全少数。中途は運行/保全/CSを優先 / 未来通信システム株式会社: 新卒は厳選維持、中途で統制・省電力運用を厚く	北関東精密加工株式会社: 採用は堅いが不安増。相談導線が安心材料、技能習得は加速 / 関東広域ロジスティクス株式会社: 現場DX枠は維持も狭き門。説明力・安全理解が評価軸 / 未来通信システム株式会社: 厳選採用で不安増。監査運用スキルは伸びやすい 現役側には 北関東精密加工株式会社: 現場は停止不安と負荷増。保全・段取り職の価値上昇と再学習圧 / 関東広域ロジスティクス株式会社: 不安対応と手動介入負荷増。保全/運行の職能価値は上昇 / 未来通信システム株式会社: 省計算・統制運用へ再技能化圧力。配置不安はケアで緩和
FB081	52	社会反応	制度要求の可視化	0.40	全体	制度応答↑ SNS不安↑	若者・現役行動フィードバック	日本国内	生活防衛38.1、制度要求32.1、ケア3.4	怒りや制度要求が可視化され、政策対応への期待と失望が同時に高まる。
FB082	52	社会反応	生活防衛シフト	0.62	全体	生活コスト不安↑ 子ども意向↓	若者・現役行動フィードバック	日本国内	生活防衛38.1、制度要求32.1、ケア3.4	家計防衛が優先され、将来投資や子どもを迎える判断が後回しになる。
OE052	52	組織判断	企業・組織の採用育成判断	0.55	若者・現役世代	採用不安↑ 若手育成経路↓	組織運営LLM	日本	北関東精密加工株式会社: 新卒小枠維持。中途は保全・品質・営業説明を厚く / 関東広域ロジスティクス株式会社: 新卒はDX/安全少数継続。中途は運行・保全・CS厚め / 東北ライフライン保守株式会社: 新卒は維持しつつ厳選。中途・協力会社で即応、広域募集継続	北関東精密加工株式会社: SNS不安で応募・定着が揺れ、安心説明と成長設計が効く / 関東広域ロジスティクス株式会社: 採用は狭く不安増。AI前提の早期戦力化で成長は速い / 東北ライフライン保守株式会社: 不安下で応募は二極化。資格・安定訴求で定着は上がるが負荷も増 現役側には 北関東精密加工株式会社: 現場はAI/自動化の負担増。雇用維持で学習と役割変更が進む / 関東広域ロジスティクス株式会社: 説明責任と再学習負担増。CS/運行の心理負荷が上がる / 東北ライフライン保守株式会社: 再配置と多能工化圧。ロボ/AI支援で危険減るが学習負担は増加
WE051	52	世界イベント	間接衝突拡大	0.72	全体	地政学リスク↑ SNS不安↑	国家LLMリスク段階	北朝鮮	ステップ52: SNS不安増幅が90.5。高リスク国: ウクライナ(限定戦争)、北朝鮮(間接衝突)、ロシア(間接衝突)、イスラエル(間接衝突)。日本の緩衝政策余力は15.6。	北朝鮮の間接衝突化により、SNS上の不安と将来予見性の低下が強まる。
FB083	53	社会反応	制度要求の可視化	0.36	全体	制度応答↑ SNS不安↑	若者・現役行動フィードバック	日本国内	生活防衛32.3、制度要求29.8、情報過敏5.5	怒りや制度要求が可視化され、政策対応への期待と失望が同時に高まる。
FB084	53	社会反応	生活防衛シフト	0.51	全体	生活コスト不安↑ 子ども意向↓	若者・現役行動フィードバック	日本国内	生活防衛32.3、制度要求29.8、情報過敏5.5	家計防衛が優先され、将来投資や子どもを迎える判断が後回しになる。
OE053	53	組織判断	企業・組織の採用育成判断	0.52	若者・現役世代	採用不安↑ 若手育成経路↓	組織運営LLM	日本	北関東精密加工株式会社: 新卒小枠維持。中途は保全・品質・調達で即戦力優先 / 関東広域ロジスティクス株式会社: 新卒は安全/DX少数維持。中途は運行/整備厚め / 未来通信システム株式会社: 新卒厳選を維持し、中途で統制運用・省電力を増員	北関東精密加工株式会社: 安定志向は残るが情報不安で応募迷い増。説明会効果が鍵 / 関東広域ロジスティクス株式会社: 採用枠は狭いが説明型育成で早期戦力化が進む / 未来通信システム株式会社: 厳選で不安は増すが、信頼運用スキルの入口が増える 現役側には 北関東精密加工株式会社: 現場は監督・保全へ役割転換圧力。AI不信対策が必要 / 関東広域ロジスティクス株式会社: 説明・対外対応負荷増。再配置と技能更新圧力が上がる / 未来通信システム株式会社: 再配置と再学習圧は上がるが、雇用維持で急激な離職は抑制
FB085	54	社会反応	制度要求の可視化	0.30	全体	制度応答↑ SNS不安↑	若者・現役行動フィードバック	日本国内	生活防衛37.6、制度要求26.9、情報過敏2.9	怒りや制度要求が可視化され、政策対応への期待と失望が同時に高まる。
FB086	54	社会反応	生活防衛シフト	0.61	全体	生活コスト不安↑ 子ども意向↓	若者・現役行動フィードバック	日本国内	生活防衛37.6、制度要求26.9、情報過敏2.9	家計防衛が優先され、将来投資や子どもを迎える判断が後回しになる。
OE054	54	組織判断	企業・組織の採用育成判断	0.52	若者・現役世代	採用不安↑ 若手育成経路↓	組織運営LLM	日本	北関東精密加工株式会社: 新卒小枠維持。中途は省エネ・保全・品質の即戦力優先 / 未来通信システム株式会社: 新卒は絞り維持、中途で統制運用・省電力・BCP増員 / 首都圏業務支援株式会社: 新卒は最小維持。危機対応・監査設計の中途を優先	北関東精密加工株式会社: 安心導線が効く一方、採用枠小で競争不安は残る / 未来通信システム株式会社: 厳選採用で不安増、統制運用枠で安定志向の入口が増える / 首都圏業務支援株式会社: 新卒枠は細り不安増。監査・危機対応の技能は伸びやすい 現役側には 北関東精密加工株式会社: 省エネ・自動化対応で技能転換圧力増、雇用不安は抑制 / 未来通信システム株式会社: 省電力・監査対応の再学習圧が増し、配置転換の不安も増加 / 首都圏業務支援株式会社: 不安対応と品質責任が増。人員最適化で負荷と離職圧が上がる
WE052	54	世界イベント	エネルギー価格ショックの悪化	0.35	全体	生活コスト↑ 子ども意向↓	エネルギー価格圧力	ウクライナ(限定戦争)、北朝鮮(間接衝突)、ロシア(間接衝突)、イスラエル(間接衝突)	ステップ54: SNS不安増幅が89.7。高リスク国: ウクライナ(限定戦争)、北朝鮮(間接衝突)、ロシア(間接衝突)、イスラエル(間接衝突)。日本の緩衝政策余力は14.7。	エネルギー圧力が高く、家計と移動・電気代への不安が増える。 直近で悪化しており、前よりも日常の判断に入り込みやすい。
WE053	54	世界イベント	地政学SNS不安拡散の高止まり	0.91	全体	不安↑ 怒り↑ 逃避行動↑ 慢性負荷↑	SNS不安増幅	ウクライナ(限定戦争)、北朝鮮(間接衝突)、ロシア(間接衝突)、イスラエル(間接衝突)	ステップ54: SNS不安増幅が89.7。高リスク国: ウクライナ(限定戦争)、北朝鮮(間接衝突)、ロシア(間接衝突)、イスラエル(間接衝突)。日本の緩衝政策余力は14.7。	危機情報がSNSで増幅し、不安と怒りが日常会話に入り込む。 新しい事件というより、高い不安が続いて疲労感を生む。
WE054	54	制度制約	財政制約による支援遅れの高止まり	1.00	全体	制度信頼↓ 裏切られ感↑ 慢性負荷↑	日本社会状態	日本	ステップ54: SNS不安増幅が89.7。高リスク国: ウクライナ(限定戦争)、北朝鮮(間接衝突)、ロシア(間接衝突)、イスラエル(間接衝突)。日本の緩衝政策余力は14.7。	財政圧力により若者支援や生活支援が遅れ、制度への失望が出やすい。 新しい事件というより、高い不安が続いて疲労感を生む。
FB087	55	社会反応	制度要求の可視化	0.33	全体	制度応答↑ SNS不安↑	若者・現役行動フィードバック	日本国内	生活防衛31.7、制度要求28.5、情報過敏10.7	怒りや制度要求が可視化され、政策対応への期待と失望が同時に高まる。
FB088	55	社会反応	生活防衛シフト	0.50	全体	生活コスト不安↑ 子ども意向↓	若者・現役行動フィードバック	日本国内	生活防衛31.7、制度要求28.5、情報過敏10.7	家計防衛が優先され、将来投資や子どもを迎える判断が後回しになる。
OE055	55	組織判断	企業・組織の採用育成判断	0.50	若者・現役世代	採用不安↑ 若手育成経路↓	組織運営LLM	日本	関東広域ロジスティクス株式会社: 新卒は管理/DX少数維持。中途は運行/保全厚め / 北関東精密加工株式会社: 新卒小枠維持。中途は保全・品質・省エネ即戦力を優先 / 首都圏業務支援株式会社: 新卒は最小維持。危機対応・監査設計の中途を優先	関東広域ロジスティクス株式会社: 採用枠は狭いが、安心設計で定着率は上がる / 北関東精密加工株式会社: 新卒枠は細いが育成は厚い。不安相談が可視化され定着が上向く / 首都圏業務支援株式会社: 新卒枠が細り不安。炎上・説明スキルが就活要件化 現役側には 関東広域ロジスティクス株式会社: 再配置と多能工化が進み負荷増、技能更新が必須 / 北関東精密加工株式会社: 現場は変化疲れ。省エネKPIと自動化で負荷は減るが再学習圧 / 首都圏業務支援株式会社: 顧客対応の負荷増。監査・説明役へ再配置圧力が強まる
FB089	56	社会反応	制度要求の可視化	0.57	全体	制度応答↑ SNS不安↑	若者・現役行動フィードバック	日本国内	制度要求41.4、生活防衛40.2、連帯3.3	怒りや制度要求が可視化され、政策対応への期待と失望が同時に高まる。
FB090	56	社会反応	生活防衛シフト	0.65	全体	生活コスト不安↑ 子ども意向↓	若者・現役行動フィードバック	日本国内	制度要求41.4、生活防衛40.2、連帯3.3	家計防衛が優先され、将来投資や子どもを迎える判断が後回しになる。
OE056	56	組織判断	企業・組織の採用育成判断	0.50	若者・現役世代	採用不安↑ 若手育成経路↓	組織運営LLM	日本	北関東精密加工株式会社: 新卒小枠維持。中途は保全・品質・省エネ即戦力を優先 / 関東広域ロジスティクス株式会社: 新卒は管理/DX少数維持。中途は運行/保全+広報危機対応 / 未来通信システム株式会社: 新卒は厳選維持、中途は統制運用・BCP中心	北関東精密加工株式会社: 不安増で定着が揺れやすいが、型化と相談で離職を抑える / 関東広域ロジスティクス株式会社: 採用枠は狭いが、DX/保全系は入口が残る。不安増 / 未来通信システム株式会社: 厳選採用で不安増、監査運用・AI実務の筋が見える層は増 現役側には 北関東精密加工株式会社: 自動化で負荷は下がる一方、異常対応・教育役の負担が増える / 関東広域ロジスティクス株式会社: 現場は配置替えと再学習負荷増。説明不足だと離職懸念 / 未来通信システム株式会社: 再配置と再学習圧が上がるが、ケア併設で離職は抑制傾向
FB091	57	社会反応	制度要求の可視化	0.28	全体	制度応答↑ SNS不安↑	若者・現役行動フィードバック	日本国内	生活防衛31.9、制度要求25.7、情報過敏9.4	怒りや制度要求が可視化され、政策対応への期待と失望が同時に高まる。
FB092	57	社会反応	生活防衛シフト	0.50	全体	生活コスト不安↑ 子ども意向↓	若者・現役行動フィードバック	日本国内	生活防衛31.9、制度要求25.7、情報過敏9.4	家計防衛が優先され、将来投資や子どもを迎える判断が後回しになる。
OE057	57	組織判断	企業・組織の採用育成判断	0.51	若者・現役世代	採用不安↑ 若手育成経路↓	組織運営LLM	日本	関東広域ロジスティクス株式会社: 新卒は管理/DX核のみ維持。中途は運行/保全を優先 / 北関東精密加工株式会社: 新卒小枠維持。中途は保全・品質・省エネ即戦力優先 / 首都圏業務支援株式会社: 新卒は最小維持。監査設計・危機対応の中途を優先	関東広域ロジスティクス株式会社: 新卒枠が細り選別感増。AI前提の早期戦力化が進む / 北関東精密加工株式会社: 採用枠は狭いが技能標準化で成長は安定。不安ケア継続 / 首都圏業務支援株式会社: 新卒枠が細り選別不安。説明・監査スキルへ誘導される 現役側には 関東広域ロジスティクス株式会社: 配置転換と技能転換が増加。保全/運行の負荷と不安が上がる / 北関東精密加工株式会社: 省人化で配置転換増。保全・改善・交渉に役割シフト圧力 / 首都圏業務支援株式会社: 現場は再配置と監査負荷増。外注依存で雇用不安も残る
FB093	58	社会反応	制度要求の可視化	0.35	全体	制度応答↑ SNS不安↑	若者・現役行動フィードバック	日本国内	生活防衛36.3、制度要求29.7、連帯3.8	怒りや制度要求が可視化され、政策対応への期待と失望が同時に高まる。
FB094	58	社会反応	生活防衛シフト	0.58	全体	生活コスト不安↑ 子ども意向↓	若者・現役行動フィードバック	日本国内	生活防衛36.3、制度要求29.7、連帯3.8	家計防衛が優先され、将来投資や子どもを迎える判断が後回しになる。
OE058	58	組織判断	企業・組織の採用育成判断	0.50	若者・現役世代	採用不安↑ 若手育成経路↓	組織運営LLM	日本	未来通信システム株式会社: 新卒は厳選継続、中途は官公需・統制運用の即戦力を増枠 / 桐野市産業雇用課: 重点業種の地元採用支援は維持、補助枠を縮小し審査強化 / 首都圏業務支援株式会社: 新卒は最小維持。危機対応・監査設計の中途優先	未来通信システム株式会社: 採用は狭まり不安増、統制運用スキルの学習需要が上がる / 桐野市産業雇用課: 支援対象の選別が強まり不安増、重点分野では定着支援が効く / 首都圏業務支援株式会社: 新卒枠が細り不安増。AI運用・説明力の要求が上がる 現役側には 未来通信システム株式会社: 再配置と監査負担増、再学習圧力と心理負荷が高まる / 桐野市産業雇用課: 再配置と副業解禁が進み負担増、移行支援で失職リスクを緩和 / 首都圏業務支援株式会社: 再配置と再学習圧が増す。外注・契約に調整皺寄せ
FB095	59	社会反応	制度要求の可視化	0.34	全体	制度応答↑ SNS不安↑	若者・現役行動フィードバック	日本国内	生活防衛31.6、制度要求28.7、情報過敏9.9	怒りや制度要求が可視化され、政策対応への期待と失望が同時に高まる。
FB096	59	社会反応	生活防衛シフト	0.50	全体	生活コスト不安↑ 子ども意向↓	若者・現役行動フィードバック	日本国内	生活防衛31.6、制度要求28.7、情報過敏9.9	家計防衛が優先され、将来投資や子どもを迎える判断が後回しになる。
OE059	59	組織判断	企業・組織の採用育成判断	0.42	若者・現役世代	育成経路↑ 地域接続↑	組織運営LLM	日本	未来通信システム株式会社: 新卒は厳選し即戦力寄り、中途は統制運用を増枠 / 関東広域ロジスティクス株式会社: 新卒は運行管理/DX核のみ維持。中途は保全・運行優先 / 首都圏業務支援株式会社: 新卒は最小維持。監査設計・危機対応の中途を優先	未来通信システム株式会社: 厳選採用で不安増も、統制・運用型の成長機会は増える / 関東広域ロジスティクス株式会社: 配属先が絞られ不安増。DX核は成長機会が増える / 首都圏業務支援株式会社: 新卒枠が細り不安増。AI監督補助で成長機会は残る 現役側には 未来通信システム株式会社: 省計算運用・監査へ再学習圧力、配置転換の緊張が増す / 関東広域ロジスティクス株式会社: 現場は省人化不安。保全/運行管理へ再技能圧力が増す / 首都圏業務支援株式会社: 現場はAI監督・説明責任へ再訓練圧、外注連携も増加
FB097	60	社会反応	制度要求の可視化	0.43	全体	制度応答↑ SNS不安↑	若者・現役行動フィードバック	日本国内	生活防衛36.2、制度要求33.7、情報過敏3.6	怒りや制度要求が可視化され、政策対応への期待と失望が同時に高まる。
FB098	60	社会反応	生活防衛シフト	0.58	全体	生活コスト不安↑ 子ども意向↓	若者・現役行動フィードバック	日本国内	生活防衛36.2、制度要求33.7、情報過敏3.6	家計防衛が優先され、将来投資や子どもを迎える判断が後回しになる。
OE060	60	組織判断	企業・組織の採用育成判断	0.48	若者・現役世代	育成経路↑ 地域接続↑	組織運営LLM	日本	未来通信システム株式会社: 新卒は厳選継続、官公需運用と省計算に強い中途増枠 / 北関東精密加工株式会社: 新卒小枠維持。中途は保全・品質・調達の即戦力を優先 / 首都圏業務支援株式会社: 新卒は最小維持。監査設計・危機対応の中途優先	未来通信システム株式会社: 選別不安増。運用・監査系の入口は増え学習負荷も増 / 北関東精密加工株式会社: 採用枠は小さく競争増。AI活用前提で早期戦力化の圧が強まる / 首都圏業務支援株式会社: AI監督職は増えるが採用枠は狭く不安が残る 現役側には 未来通信システム株式会社: 不安高止まりで疲弊。再配置・再学習圧が強まり離職リスク / 北関東精密加工株式会社: 省人化で配置転換増。SNS不安で士気低下しやすく対話負荷が増える / 首都圏業務支援株式会社: 再配置と評価基準変更で疲弊。外注化で不安定化
WE055	60	世界イベント	地政学SNS不安拡散の高止まり	0.70	全体	不安↑ 怒り↑ 逃避行動↑ 慢性負荷↑	SNS不安増幅	ウクライナ(限定戦争)、ロシア(間接衝突)	ステップ60: 財政圧力が83.6。高リスク国: ウクライナ(限定戦争)、ロシア(間接衝突)。日本の緩衝政策余力は21.2。	危機情報がSNSで増幅し、不安と怒りが日常会話に入り込む。 新しい事件というより、高い不安が続いて疲労感を生む。
WE056	60	制度制約	財政制約による支援遅れの高止まり	1.00	全体	制度信頼↓ 裏切られ感↑ 慢性負荷↑	日本社会状態	日本	ステップ60: 財政圧力が83.6。高リスク国: ウクライナ(限定戦争)、ロシア(間接衝突)。日本の緩衝政策余力は21.2。	財政圧力により若者支援や生活支援が遅れ、制度への失望が出やすい。 新しい事件というより、高い不安が続いて疲労感を生む。
FB099	61	社会反応	制度要求の可視化	0.51	全体	制度応答↑ SNS不安↑	若者・現役行動フィードバック	日本国内	生活防衛41.7、制度要求38.4、連帯2.9	怒りや制度要求が可視化され、政策対応への期待と失望が同時に高まる。
FB100	61	社会反応	生活防衛シフト	0.68	全体	生活コスト不安↑ 子ども意向↓	若者・現役行動フィードバック	日本国内	生活防衛41.7、制度要求38.4、連帯2.9	家計防衛が優先され、将来投資や子どもを迎える判断が後回しになる。
OE061	61	組織判断	企業・組織の採用育成判断	0.48	若者・現役世代	育成経路↑ 地域接続↑	組織運営LLM	日本	未来通信システム株式会社: 新卒は厳選維持、運用統制・省計算の中途を増枠 / 北関東精密加工株式会社: 新卒小枠維持。中途は保全・品質・生産技術を優先 / 首都圏業務支援株式会社: 新卒最小維持。計算枠制約に強い中途を厳選	未来通信システム株式会社: 採用は狭まるが運用・監査の成長経路が明確化 / 北関東精密加工株式会社: 少数採用で競争増。AI活用前提の技能習得が早期化 / 首都圏業務支援株式会社: 新卒枠は細り不安増。例外処理型の技能が評価される 現役側には 未来通信システム株式会社: 再配置と再学習が常態化、統制業務の負荷が増える / 北関東精密加工株式会社: 現場の再配置と学習負荷増。雇用維持は続くが停滞感も / 首都圏業務支援株式会社: 監査・危機対応へ職務転換圧。外注化で不安定感が増す
FB101	62	社会反応	制度要求の可視化	0.47	全体	制度応答↑ SNS不安↑	若者・現役行動フィードバック	日本国内	制度要求36.0、生活防衛35.7、連帯4.1	怒りや制度要求が可視化され、政策対応への期待と失望が同時に高まる。
FB102	62	社会反応	生活防衛シフト	0.57	全体	生活コスト不安↑ 子ども意向↓	若者・現役行動フィードバック	日本国内	制度要求36.0、生活防衛35.7、連帯4.1	家計防衛が優先され、将来投資や子どもを迎える判断が後回しになる。
OE062	62	組織判断	企業・組織の採用育成判断	0.47	若者・現役世代	育成経路↑ 地域接続↑	組織運営LLM	日本	未来通信システム株式会社: 新卒は厳選維持、運用統制・省計算の中途を増枠 / 北関東精密加工株式会社: 新卒小枠維持。中途は生技・保全・IT寄りを厳選 / 関東広域ロジスティクス株式会社: 新卒は運行管理/DX核のみ維持。中途は保全・配車強化	未来通信システム株式会社: 運用・監査スキル需要増、配属不安はSNSで増幅 / 北関東精密加工株式会社: 配属は現場×AI前提に。習得差で成長機会が分岐し不安増 / 関東広域ロジスティクス株式会社: 新卒枠が狭まり選別不安。DX核は成長機会、現場は停滞感 現役側には 未来通信システム株式会社: 統制・省電力運用へ再配置圧力、雇用は維持寄り / 北関東精密加工株式会社: 現場中堅に保全・改善・AI運用の兼務負荷と再訓練圧力 / 関東広域ロジスティクス株式会社: 再配置と技能転換圧力増。外注調整で不安定化、核は安定
FB103	63	社会反応	制度要求の可視化	0.44	全体	制度応答↑ SNS不安↑	若者・現役行動フィードバック	日本国内	生活防衛38.4、制度要求34.2、連帯4.9	怒りや制度要求が可視化され、政策対応への期待と失望が同時に高まる。
FB104	63	社会反応	生活防衛シフト	0.62	全体	生活コスト不安↑ 子ども意向↓	若者・現役行動フィードバック	日本国内	生活防衛38.4、制度要求34.2、連帯4.9	家計防衛が優先され、将来投資や子どもを迎える判断が後回しになる。
OE063	63	組織判断	企業・組織の採用育成判断	0.47	若者・現役世代	育成経路↑ 地域接続↑	組織運営LLM	日本	首都圏業務支援株式会社: 新卒は最小維持。中途はAI監査・運用を厳選、採用抑制 / 未来通信システム株式会社: 新卒は厳選継続、運用統制・省電力の中途を増枠 / 北関東精密加工株式会社: 新卒小枠維持。中途は保全・生技・データ人材を優先	首都圏業務支援株式会社: 新卒枠が細り不安増。AI運用・説明力が評価軸となり適応差が拡大 / 未来通信システム株式会社: 採用は狭き門化、監査・運用系の成長機会は増える / 北関東精密加工株式会社: 採用枠は細いが技能の型が明確化し成長は速まる 現役側には 首都圏業務支援株式会社: 監督/品質職へ再配置が進む一方、外注化で周辺職の不安定化が増す / 未来通信システム株式会社: 省計算運用へ再学習圧力、配置転換不安は透明化で緩和 / 北関東精密加工株式会社: 現場は省人化不安。保全・改善に再配置され負荷は増える
FB105	64	社会反応	制度要求の可視化	0.57	全体	制度応答↑ SNS不安↑	若者・現役行動フィードバック	日本国内	制度要求41.6、生活防衛37.0、連帯5.2	怒りや制度要求が可視化され、政策対応への期待と失望が同時に高まる。
FB106	64	社会反応	生活防衛シフト	0.60	全体	生活コスト不安↑ 子ども意向↓	若者・現役行動フィードバック	日本国内	制度要求41.6、生活防衛37.0、連帯5.2	家計防衛が優先され、将来投資や子どもを迎える判断が後回しになる。
OE064	64	組織判断	企業・組織の採用育成判断	0.43	若者・現役世代	育成経路↑ 地域接続↑	組織運営LLM	日本	首都圏業務支援株式会社: 新卒は最小維持。中途はAI監査・運用を厳選し採用抑制 / 未来通信システム株式会社: 新卒は少数精鋭継続、官公需運用と省電力中途を増枠 / 関東広域ロジスティクス株式会社: 新卒は運行管理/DX核のみ維持。中途は保全・ドライバー厚め	首都圏業務支援株式会社: 入口が狭まり不安増。AI運用必修で適応者は早期成長 / 未来通信システム株式会社: 安定運用志向は増えるが採用絞りで不安も拡大 / 関東広域ロジスティクス株式会社: 採用枠が核職に偏り不安増。一方で保全/DXの学習機会は濃くなる 現役側には 首都圏業務支援株式会社: 再配置と再学習圧。外注調整で雇用不安が局所的に増える / 未来通信システム株式会社: 統制・省電力運用へ再技能圧、雇用は維持寄りに転ぶ / 関東広域ロジスティクス株式会社: 現場の省人化圧と配置転換増。AI運用・保全へ再訓練が必須化
WE057	64	世界イベント	間接衝突拡大	0.72	全体	地政学リスク↑ SNS不安↑	国家LLMリスク段階	北朝鮮、ロシア	ステップ64: 財政圧力が85.7。高リスク国: ウクライナ(限定戦争)、北朝鮮(間接衝突)、ロシア(間接衝突)。日本の緩衝政策余力は18.6。	北朝鮮、ロシアの間接衝突化により、SNS上の不安と将来予見性の低下が強まる。
FB107	65	社会反応	制度要求の可視化	0.48	全体	制度応答↑ SNS不安↑	若者・現役行動フィードバック	日本国内	制度要求36.9、生活防衛35.7、連帯5.3	怒りや制度要求が可視化され、政策対応への期待と失望が同時に高まる。
FB108	65	社会反応	生活防衛シフト	0.57	全体	生活コスト不安↑ 子ども意向↓	若者・現役行動フィードバック	日本国内	制度要求36.9、生活防衛35.7、連帯5.3	家計防衛が優先され、将来投資や子どもを迎える判断が後回しになる。
OE065	65	組織判断	企業・組織の採用育成判断	0.43	若者・現役世代	育成経路↑ 地域接続↑	組織運営LLM	日本	首都圏業務支援株式会社: 新卒は最小枠維持。中途はAI監査・運用を厳選 / 関東広域ロジスティクス株式会社: 新卒は運行管理/DX核のみ維持。中途はドライバー・保全優先 / 北関東精密加工株式会社: 新卒小枠維持。中途は保全/生技/品質と省エネ担当を優先	首都圏業務支援株式会社: 新卒枠縮小で競争増。AI運用スキルが早期に必須化 / 関東広域ロジスティクス株式会社: 新卒枠が狭まり不安増。短期技能習得は促進される / 北関東精密加工株式会社: 少数採用で競争増。改善主担当の成長機会は増える 現役側には 首都圏業務支援株式会社: 監督/品質へ職務転換圧。外注調整で不安定感が増す / 関東広域ロジスティクス株式会社: 配置転換と外注調整で不安。核人材は負荷増と賃上げ期待 / 北関東精密加工株式会社: 省人化で配置転換増。稟議・現場調整の負担が重くなる
FB109	66	社会反応	制度要求の可視化	0.62	全体	制度応答↑ SNS不安↑	若者・現役行動フィードバック	日本国内	制度要求44.6、生活防衛39.9、連帯5.7	怒りや制度要求が可視化され、政策対応への期待と失望が同時に高まる。
FB110	66	社会反応	生活防衛シフト	0.65	全体	生活コスト不安↑ 子ども意向↓	若者・現役行動フィードバック	日本国内	制度要求44.6、生活防衛39.9、連帯5.7	家計防衛が優先され、将来投資や子どもを迎える判断が後回しになる。
OE066	66	組織判断	企業・組織の採用育成判断	0.49	若者・現役世代	採用不安↑ 若手育成経路↓	組織運営LLM	日本	首都圏業務支援株式会社: 新卒は最小枠維持。中途はAI監査/運用を厳選強化 / 関東広域ロジスティクス株式会社: 新卒は運行管理/DX核に限定。中途は乗務・保全厚め / 未来通信システム株式会社: 新卒は抑制しつつ、官公需運用・省電力中途を増枠	首都圏業務支援株式会社: 新卒枠は細り不安増。AI運用/監査習得者は早期に厚遇 / 関東広域ロジスティクス株式会社: 採用枠が絞られ不安増。早期に多能工化できる層が有利 / 未来通信システム株式会社: 新卒枠圧縮で不安増、運用・統制系の学習機会は増える 現役側には 首都圏業務支援株式会社: 再配置と外注圧力で不安増。監督・品質職は需要維持 / 関東広域ロジスティクス株式会社: 現場の再配置負担増。AI/保全スキルの要求が常態化 / 未来通信システム株式会社: 統制運用・省電力最適化へ再訓練圧、雇用は安定寄り
WE058	66	世界イベント	地政学SNS不安拡散の高止まり	0.70	全体	不安↑ 怒り↑ 逃避行動↑ 慢性負荷↑	SNS不安増幅	ウクライナ(限定戦争)、北朝鮮(間接衝突)、ロシア(間接衝突)	ステップ66: 財政圧力が84.2。高リスク国: ウクライナ(限定戦争)、北朝鮮(間接衝突)、ロシア(間接衝突)。日本の緩衝政策余力は20.0。	危機情報がSNSで増幅し、不安と怒りが日常会話に入り込む。 新しい事件というより、高い不安が続いて疲労感を生む。
WE059	66	制度制約	財政制約による支援遅れの高止まり	1.00	全体	制度信頼↓ 裏切られ感↑ 慢性負荷↑	日本社会状態	日本	ステップ66: 財政圧力が84.2。高リスク国: ウクライナ(限定戦争)、北朝鮮(間接衝突)、ロシア(間接衝突)。日本の緩衝政策余力は20.0。	財政圧力により若者支援や生活支援が遅れ、制度への失望が出やすい。 新しい事件というより、高い不安が続いて疲労感を生む。
FB111	67	社会反応	制度要求の可視化	0.46	全体	制度応答↑ SNS不安↑	若者・現役行動フィードバック	日本国内	生活防衛37.0、制度要求35.4、連帯4.6	怒りや制度要求が可視化され、政策対応への期待と失望が同時に高まる。
FB112	67	社会反応	生活防衛シフト	0.60	全体	生活コスト不安↑ 子ども意向↓	若者・現役行動フィードバック	日本国内	生活防衛37.0、制度要求35.4、連帯4.6	家計防衛が優先され、将来投資や子どもを迎える判断が後回しになる。
OE067	67	組織判断	企業・組織の採用育成判断	0.44	若者・現役世代	育成経路↑ 地域接続↑	組織運営LLM	日本	未来通信システム株式会社: 新卒は運用・統制適性で厳選、中途は省電力/官公需を増枠 / 関東広域ロジスティクス株式会社: 新卒は運行管理/DX核に限定維持。中途を主軸 / 北関東精密加工株式会社: 新卒小枠維持。中途は保全/生技/品質に集中	未来通信システム株式会社: 運用・統制志向の配属増、尖った研究志向は機会が減る / 関東広域ロジスティクス株式会社: 若手は配車DX/保全に集中配置。汎用職は採用枠が細る / 北関東精密加工株式会社: 採用枠は狭いが改善役で成長機会。即戦力期待増 現役側には 未来通信システム株式会社: 重要系運用の責任増と再学習圧力、雇用は相対的に安定 / 関東広域ロジスティクス株式会社: 現場は配置転換と監査負荷増。外注調整で不安定化 / 北関東精密加工株式会社: 現場は省人化で配置転換増。保全・改善スキルの価値上昇
FB113	68	社会反応	制度要求の可視化	0.30	全体	制度応答↑ SNS不安↑	若者・現役行動フィードバック	日本国内	生活防衛33.7、制度要求26.6、情報過敏7.0	怒りや制度要求が可視化され、政策対応への期待と失望が同時に高まる。
FB114	68	社会反応	生活防衛シフト	0.54	全体	生活コスト不安↑ 子ども意向↓	若者・現役行動フィードバック	日本国内	生活防衛33.7、制度要求26.6、情報過敏7.0	家計防衛が優先され、将来投資や子どもを迎える判断が後回しになる。
OE068	68	組織判断	企業・組織の採用育成判断	0.43	若者・現役世代	育成経路↑ 地域接続↑	組織運営LLM	日本	関東広域ロジスティクス株式会社: 新卒は運行管理/DX核に限定維持。中途を主軸 / 首都圏業務支援株式会社: 新卒は極小枠維持。中途は監査/運用を優先採用 / 未来通信システム株式会社: 新卒は統制・運用適性で絞り、中途は官公需/省電力を重点採用	関東広域ロジスティクス株式会社: 新卒枠が狭く不安増。一方でDX核は早期裁量が増える / 首都圏業務支援株式会社: 新卒枠縮小で入口が狭い一方、監査職で早期戦力化 / 未来通信システム株式会社: 配属は運用・統制寄りに。AI志向は高評価だが枠は狭く競争増 現役側には 関東広域ロジスティクス株式会社: 再配置と職種転換圧力。現場は監査/改善負担が増える / 首都圏業務支援株式会社: 品質/監督へ転換圧力増。外注調整で不安定感が拡大 / 未来通信システム株式会社: コスト統制と再配置が進む。再学習必須で心理負荷が上がるが離職抑制
FB115	69	社会反応	制度要求の可視化	0.43	全体	制度応答↑ SNS不安↑	若者・現役行動フィードバック	日本国内	制度要求33.8、生活防衛31.9、情報過敏6.6	怒りや制度要求が可視化され、政策対応への期待と失望が同時に高まる。
FB116	69	社会反応	生活防衛シフト	0.50	全体	生活コスト不安↑ 子ども意向↓	若者・現役行動フィードバック	日本国内	制度要求33.8、生活防衛31.9、情報過敏6.6	家計防衛が優先され、将来投資や子どもを迎える判断が後回しになる。
OE069	69	組織判断	企業・組織の採用育成判断	0.44	若者・現役世代	育成経路↑ 地域接続↑	組織運営LLM	日本	未来通信システム株式会社: 新卒は統制運用適性で絞り、中途は省電力/官公需を重点 / 北関東精密加工株式会社: 新卒小枠継続。中途は生技/品質/保全に集中 / 首都圏業務支援株式会社: 新卒は最小維持。中途は監査/品質/運用を優先	未来通信システム株式会社: 採用枠が絞られ不安増、統制/運用型の入口が相対的に増える / 北関東精密加工株式会社: 少数精鋭で技能+AI補助前提。配属差の不安が残る / 首都圏業務支援株式会社: 新卒枠が細り不安増。AI監査技能の獲得機会は残る 現役側には 未来通信システム株式会社: コスト・統制対応の負荷増、職務転換と再学習圧力が強まる / 北関東精密加工株式会社: 現場に省力・保全負荷増。再配置と不安が拡大 / 首都圏業務支援株式会社: 再配置と監査負荷増。外注依存で雇用不安が波及
FB117	70	社会反応	制度要求の可視化	0.43	全体	制度応答↑ SNS不安↑	若者・現役行動フィードバック	日本国内	制度要求33.8、生活防衛32.5、連帯5.9	怒りや制度要求が可視化され、政策対応への期待と失望が同時に高まる。
FB118	70	社会反応	生活防衛シフト	0.51	全体	生活コスト不安↑ 子ども意向↓	若者・現役行動フィードバック	日本国内	制度要求33.8、生活防衛32.5、連帯5.9	家計防衛が優先され、将来投資や子どもを迎える判断が後回しになる。
OE070	70	組織判断	企業・組織の採用育成判断	0.40	若者・現役世代	育成経路↑ 地域接続↑	組織運営LLM	日本	首都圏業務支援株式会社: 新卒は最小維持。中途は監査/品質/運用とBCP寄せ / 未来通信システム株式会社: 新卒は統制運用・省電力設計適性で絞り、中途は官公需/信頼運用を増枠 / 北関東精密加工株式会社: 新卒小枠維持。中途は保全/生技/調達に絞る	首都圏業務支援株式会社: 新卒枠が細り不安。監査・説明スキル獲得で一部は安定 / 未来通信システム株式会社: 選別が強まり不安増、統制・省電力に強い若手は機会拡大 / 北関東精密加工株式会社: 採用枠は狭いが技能の見える化で成長機会は残る 現役側には 首都圏業務支援株式会社: 運用監督/BCP再配置で再学習負荷増。外注側は単価圧迫 / 未来通信システム株式会社: 重要系運用・監査スキル需要増、職務転換圧と心理負荷が上がる / 北関東精密加工株式会社: 現場は省人化不安。保全・改善役割で雇用継続の余地
WE060	70	世界イベント	間接衝突拡大	0.72	全体	地政学リスク↑ SNS不安↑	国家LLMリスク段階	北朝鮮	ステップ70: 財政圧力が83.6。高リスク国: ウクライナ(限定戦争)、北朝鮮(間接衝突)、ロシア(間接衝突)。日本の緩衝政策余力は19.0。	北朝鮮の間接衝突化により、SNS上の不安と将来予見性の低下が強まる。
FB119	71	社会反応	制度要求の可視化	0.41	全体	制度応答↑ SNS不安↑	若者・現役行動フィードバック	日本国内	生活防衛34.5、制度要求33.0、連帯5.5	怒りや制度要求が可視化され、政策対応への期待と失望が同時に高まる。
FB120	71	社会反応	生活防衛シフト	0.55	全体	生活コスト不安↑ 子ども意向↓	若者・現役行動フィードバック	日本国内	生活防衛34.5、制度要求33.0、連帯5.5	家計防衛が優先され、将来投資や子どもを迎える判断が後回しになる。
OE071	71	組織判断	企業・組織の採用育成判断	0.43	若者・現役世代	育成経路↑ 地域接続↑	組織運営LLM	日本	未来通信システム株式会社: 新卒は統制・省電力適性で絞り、中途は官公需運用を厚く / 首都圏業務支援株式会社: 新卒は枠最小維持。中途は監査/品質/運用/BCP中心 / 北関東精密加工株式会社: 新卒は小枠維持。中途は保全・生技・調達に集中	未来通信システム株式会社: 統制・省電力志向の選抜が強まり、志望のミスマッチ不安が増す / 首都圏業務支援株式会社: 新卒枠は狭いが、AI運用・監査補助の入口は残る / 北関東精密加工株式会社: 少数精鋭採用で競争感増。短期育成で早期戦力化が進む 現役側には 未来通信システム株式会社: 計算制約対応の運用・監査スキル需要増で再訓練圧力が上昇 / 首都圏業務支援株式会社: 再配置と再学習圧力増。外注化で不安定層も拡大 / 北関東精密加工株式会社: 保全・生技に再配置圧力。稟議/現場調整で負荷が増える
FB121	72	社会反応	制度要求の可視化	0.39	全体	制度応答↑ SNS不安↑	若者・現役行動フィードバック	日本国内	生活防衛31.6、制度要求31.5、情報過敏6.7	怒りや制度要求が可視化され、政策対応への期待と失望が同時に高まる。
FB122	72	社会反応	生活防衛シフト	0.50	全体	生活コスト不安↑ 子ども意向↓	若者・現役行動フィードバック	日本国内	生活防衛31.6、制度要求31.5、情報過敏6.7	家計防衛が優先され、将来投資や子どもを迎える判断が後回しになる。
OE072	72	組織判断	企業・組織の採用育成判断	0.45	若者・現役世代	育成経路↑ 地域接続↑	組織運営LLM	日本	未来通信システム株式会社: 新卒は統制・省電力適性で絞り、中途は官公需運用を増やす / 北関東精密加工株式会社: 新卒小枠維持。中途は保全・生技・調達を優先し厳選 / 首都圏業務支援株式会社: 新卒枠は最小維持。中途は監査・運用・BCP優先	未来通信システム株式会社: 選別強化で不安増、統制・省電力系の学習需要が上がる / 北関東精密加工株式会社: 採用枠は細いが技能の見える化で成長経路は明確化 / 首都圏業務支援株式会社: 入口が狭まり不安増。監査・説明役で早期成長は可能 現役側には 未来通信システム株式会社: 省電力運用・監査対応の再学習圧が増え、周辺人材は外注化で不安定化する / 北関東精密加工株式会社: 現場に改善・多能工圧力。雇用維持で負荷は増えやすい / 首都圏業務支援株式会社: 再配置と再学習圧力↑。外注波動で不安定感も増す
WE061	72	世界イベント	間接衝突拡大	0.72	全体	地政学リスク↑ SNS不安↑	国家LLMリスク段階	イスラエル	ステップ72: 財政圧力が81.2。高リスク国: ウクライナ(限定戦争)、北朝鮮(間接衝突)、ロシア(間接衝突)、イスラエル(間接衝突)。日本の緩衝政策余力は21.2。	イスラエルの間接衝突化により、SNS上の不安と将来予見性の低下が強まる。
WE062	72	世界イベント	地政学SNS不安拡散の高止まり	0.63	全体	不安↑ 怒り↑ 逃避行動↑ 慢性負荷↑	SNS不安増幅	ウクライナ(限定戦争)、北朝鮮(間接衝突)、ロシア(間接衝突)、イスラエル(間接衝突)	ステップ72: 財政圧力が81.2。高リスク国: ウクライナ(限定戦争)、北朝鮮(間接衝突)、ロシア(間接衝突)、イスラエル(間接衝突)。日本の緩衝政策余力は21.2。	危機情報がSNSで増幅し、不安と怒りが日常会話に入り込む。 新しい事件というより、高い不安が続いて疲労感を生む。
WE063	72	制度制約	財政制約による支援遅れの高止まり	1.00	全体	制度信頼↓ 裏切られ感↑ 慢性負荷↑	日本社会状態	日本	ステップ72: 財政圧力が81.2。高リスク国: ウクライナ(限定戦争)、北朝鮮(間接衝突)、ロシア(間接衝突)、イスラエル(間接衝突)。日本の緩衝政策余力は21.2。	財政圧力により若者支援や生活支援が遅れ、制度への失望が出やすい。 新しい事件というより、高い不安が続いて疲労感を生む。
FB123	73	社会反応	制度要求の可視化	0.39	全体	制度応答↑ SNS不安↑	若者・現役行動フィードバック	日本国内	生活防衛32.0、制度要求31.9、情報過敏8.4	怒りや制度要求が可視化され、政策対応への期待と失望が同時に高まる。
FB124	73	社会反応	生活防衛シフト	0.50	全体	生活コスト不安↑ 子ども意向↓	若者・現役行動フィードバック	日本国内	生活防衛32.0、制度要求31.9、情報過敏8.4	家計防衛が優先され、将来投資や子どもを迎える判断が後回しになる。
OE073	73	組織判断	企業・組織の採用育成判断	0.46	若者・現役世代	育成経路↑ 地域接続↑	組織運営LLM	日本	未来通信システム株式会社: 新卒は統制・省電力・公共適性で厳選し、中途運用を厚くする / 首都圏業務支援株式会社: 新卒枠は最小維持。中途は監査・運用・BCP偏重 / 北関東精密加工株式会社: 新卒小枠維持。保全・生技の中途を厳選、採用凍結は回避	未来通信システム株式会社: 公共・統制適性が評価軸化し、尖った研究志向は選別が強まる / 首都圏業務支援株式会社: 新卒枠縮小で不安増。監査・折衝型スキルに収斂 / 北関東精密加工株式会社: 技能習得は明確化するが、採用枠は増えにくく競争が強まる 現役側には 未来通信システム株式会社: 運用・監査へ再配置が進み、賃上げは役割連動で格差が出る / 首都圏業務支援株式会社: 現場は自動化で役割再編。監督職へ再学習圧が上昇 / 北関東精密加工株式会社: 配置転換と多能工化が進み、現場負荷と再学習圧力が上がる
FB125	74	社会反応	制度要求の可視化	0.43	全体	制度応答↑ SNS不安↑	若者・現役行動フィードバック	日本国内	制度要求33.8、生活防衛31.1、情報過敏7.2	怒りや制度要求が可視化され、政策対応への期待と失望が同時に高まる。
FB126	74	社会反応	生活防衛シフト	0.49	全体	生活コスト不安↑ 子ども意向↓	若者・現役行動フィードバック	日本国内	制度要求33.8、生活防衛31.1、情報過敏7.2	家計防衛が優先され、将来投資や子どもを迎える判断が後回しになる。
OE074	74	組織判断	企業・組織の採用育成判断	0.53	若者・現役世代	採用不安↑ 若手育成経路↓	組織運営LLM	日本	未来通信システム株式会社: 新卒は統制・省電力・公共適性で厳選し、中途SRE/運用を増強 / 首都圏業務支援株式会社: 新卒枠は維持最小。中途は監査・BCP・提案型へ集中 / 関東広域ロジスティクス株式会社: 新卒は運行管理/DX核に限定。中途+協力会社を増やす	未来通信システム株式会社: 省電力・統制適性の評価が強まり、選別不安と学習負荷が増える / 首都圏業務支援株式会社: 新卒枠が薄く選別感増。監査/折衝の早期習得が武器になる / 関東広域ロジスティクス株式会社: 採用枠は絞るがDX核は増。現場志望は不安が残る 現役側には 未来通信システム株式会社: 運用・監査への再配置が進み、再学習と負荷増で離職リスクも上がる / 首都圏業務支援株式会社: 監督・品質職へ再配置圧。外注調整で雇用不安が残る / 関東広域ロジスティクス株式会社: 省計算AI運用が必須化。外注比率増で現場負荷が波打つ
WE064	74	世界イベント	エネルギー価格ショック	0.20	全体	生活コスト↑ 子ども意向↓	エネルギー価格圧力	ウクライナ(限定戦争)、ロシア(間接衝突)	ステップ74: 財政圧力が81.7。高リスク国: ウクライナ(限定戦争)、ロシア(間接衝突)。日本の緩衝政策余力は20.5。	エネルギー圧力が高く、家計と移動・電気代への不安が増える。
FB127	75	社会反応	制度要求の可視化	0.42	全体	制度応答↑ SNS不安↑	若者・現役行動フィードバック	日本国内	生活防衛34.2、制度要求33.3、情報過敏6.7	怒りや制度要求が可視化され、政策対応への期待と失望が同時に高まる。
FB128	75	社会反応	生活防衛シフト	0.54	全体	生活コスト不安↑ 子ども意向↓	若者・現役行動フィードバック	日本国内	生活防衛34.2、制度要求33.3、情報過敏6.7	家計防衛が優先され、将来投資や子どもを迎える判断が後回しになる。
OE075	75	組織判断	企業・組織の採用育成判断	0.48	若者・現役世代	育成経路↑ 地域接続↑	組織運営LLM	日本	未来通信システム株式会社: 新卒は統制/省電力/公共適性で厳選、中途運用・セキュリティ増 / 桐野市産業雇用課: 重点業種の採用支援は維持。補助は成果連動で更に選別 / 北関東精密加工株式会社: 新卒小枠維持。保全・生技中途を死守、内定取消は避ける	未来通信システム株式会社: 公共適性・監査素養の重視で門戸は狭まるが成長筋は明確化 / 桐野市産業雇用課: 支援枠は狭まるが実務直結でミスマッチ減。将来不安は増幅 / 北関東精密加工株式会社: 入社枠は維持も即戦力化圧力増。技能型育成で安心は一定 現役側には 未来通信システム株式会社: 運用・監査・省電力寄りへ再配置が進み、汎用開発は圧縮圧力 / 桐野市産業雇用課: 再配置・兼業の負荷増。AI/ロボ運用と説明責任の業務が増える / 北関東精密加工株式会社: 保全・生技の負荷増。AI・自動化で段取り転換が進み再配置圧力も
WE065	75	世界イベント	間接衝突拡大	0.72	全体	地政学リスク↑ SNS不安↑	国家LLMリスク段階	北朝鮮	ステップ75: 財政圧力が81.2。高リスク国: ウクライナ(限定戦争)、北朝鮮(間接衝突)、ロシア(間接衝突)。日本の緩衝政策余力は20.9。	北朝鮮の間接衝突化により、SNS上の不安と将来予見性の低下が強まる。
FB129	76	社会反応	制度要求の可視化	0.37	全体	制度応答↑ SNS不安↑	若者・現役行動フィードバック	日本国内	生活防衛31.2、制度要求30.4、連帯7.6	怒りや制度要求が可視化され、政策対応への期待と失望が同時に高まる。
FB130	76	社会反応	生活防衛シフト	0.49	全体	生活コスト不安↑ 子ども意向↓	若者・現役行動フィードバック	日本国内	生活防衛31.2、制度要求30.4、連帯7.6	家計防衛が優先され、将来投資や子どもを迎える判断が後回しになる。
OE076	76	組織判断	企業・組織の採用育成判断	0.49	若者・現役世代	採用不安↑ 若手育成経路↓	組織運営LLM	日本	北関東精密加工株式会社: 新卒小枠維持。生技・保全中途優先、採用は厳選 / 首都圏業務支援株式会社: 新卒は最小維持。中途は監査/BCP/提案に集中 / 未来通信システム株式会社: 新卒は公共適性/省電力で厳選、中途運用・監査増	北関東精密加工株式会社: 育成は手厚いが採用枠小さく不安。技能＋AI補助が必須 / 首都圏業務支援株式会社: 新卒枠が細り選別不安増。監査/折衝型スキルが有利 / 未来通信システム株式会社: 採用は絞り込み、監査/運用系の学習需要が増える 現役側には 北関東精密加工株式会社: 現場に型化・自動化適応圧。保全・段取り技能の再評価 / 首都圏業務支援株式会社: 監督・品質職へ再配置圧。非正規/外注に調整しわ寄せ / 未来通信システム株式会社: 運用・監査・省電力最適化へ職務転換圧力が強まる
FB131	77	社会反応	制度要求の可視化	0.53	全体	制度応答↑ SNS不安↑	若者・現役行動フィードバック	日本国内	制度要求39.4、生活防衛37.5、連帯6.8	怒りや制度要求が可視化され、政策対応への期待と失望が同時に高まる。
FB132	77	社会反応	生活防衛シフト	0.60	全体	生活コスト不安↑ 子ども意向↓	若者・現役行動フィードバック	日本国内	制度要求39.4、生活防衛37.5、連帯6.8	家計防衛が優先され、将来投資や子どもを迎える判断が後回しになる。
OE077	77	組織判断	企業・組織の採用育成判断	0.47	若者・現役世代	育成経路↑ 地域接続↑	組織運営LLM	日本	未来通信システム株式会社: 新卒は信頼運用/省電力適性で厳選、中途は監査・運用増 / 北関東精密加工株式会社: 新卒小枠維持。保全・生技の中途優先、内定は早め / 桐野市産業雇用課: 重点業種の採用支援は維持。補助は成果連動で更に絞る	未来通信システム株式会社: 採用厳選で不安増、運用・監査系の学習機会は拡大 / 北関東精密加工株式会社: 少数精鋭で育成は厚いが、採用枠縮小で不安増 / 桐野市産業雇用課: 重点分野の入口は増えるが、選別強化で不安も拡大 現役側には 未来通信システム株式会社: 危機対応と省電力/監査へ再配置圧力、外注化で不安定化も / 北関東精密加工株式会社: 標準化で技能の見える化進む一方、配置転換負荷が増す / 桐野市産業雇用課: 兼業・再訓練が常態化。説明責任増で現場負担も上がる
WE066	77	世界イベント	間接衝突拡大	0.72	全体	地政学リスク↑ SNS不安↑	国家LLMリスク段階	北朝鮮	ステップ77: 財政圧力が82.8。高リスク国: ウクライナ(限定戦争)、北朝鮮(間接衝突)、ロシア(間接衝突)。日本の緩衝政策余力は20.2。	北朝鮮の間接衝突化により、SNS上の不安と将来予見性の低下が強まる。
FB133	78	社会反応	制度要求の可視化	0.48	全体	制度応答↑ SNS不安↑	若者・現役行動フィードバック	日本国内	制度要求36.5、生活防衛34.6、連帯8.3	怒りや制度要求が可視化され、政策対応への期待と失望が同時に高まる。
FB134	78	社会反応	生活防衛シフト	0.55	全体	生活コスト不安↑ 子ども意向↓	若者・現役行動フィードバック	日本国内	制度要求36.5、生活防衛34.6、連帯8.3	家計防衛が優先され、将来投資や子どもを迎える判断が後回しになる。
OE078	78	組織判断	企業・組織の採用育成判断	0.54	若者・現役世代	採用不安↑ 若手育成経路↓	組織運営LLM	日本	未来通信システム株式会社: 新卒は信頼運用/省電力で厳選、中途は運用監査増 / 北関東精密加工株式会社: 新卒小枠維持。保全・生技の中途優先、採用は遅配リスク職種に寄せる / 関東広域ロジスティクス株式会社: 新卒は運行管理/DX核を維持。中途・外注を厚く	未来通信システム株式会社: 採用絞りと不安増幅で選別不安、安定志向が強まる / 北関東精密加工株式会社: 採用枠は小さいが技能型の道は残る。不安対策で定着支援が効く / 関東広域ロジスティクス株式会社: DX核枠は残るが現場枠は狭まり選別不安が増える 現役側には 未来通信システム株式会社: 監査/BCP再教育と業務負荷が増え、疲労の慢性化 / 北関東精密加工株式会社: 自動化で配置転換増。雇用維持は続くが生産性圧力と疲労が増える / 関東広域ロジスティクス株式会社: 省計算AI運用と保全兼務が増え負荷と技能更新圧が上がる
WE067	78	世界イベント	地政学SNS不安拡散の高止まり	0.71	全体	不安↑ 怒り↑ 逃避行動↑ 慢性負荷↑	SNS不安増幅	ウクライナ(限定戦争)、北朝鮮(間接衝突)、ロシア(間接衝突)	ステップ78: 財政圧力が82.9。高リスク国: ウクライナ(限定戦争)、北朝鮮(間接衝突)、ロシア(間接衝突)。日本の緩衝政策余力は19.6。	危機情報がSNSで増幅し、不安と怒りが日常会話に入り込む。 新しい事件というより、高い不安が続いて疲労感を生む。
WE068	78	制度制約	財政制約による支援遅れの高止まり	1.00	全体	制度信頼↓ 裏切られ感↑ 慢性負荷↑	日本社会状態	日本	ステップ78: 財政圧力が82.9。高リスク国: ウクライナ(限定戦争)、北朝鮮(間接衝突)、ロシア(間接衝突)。日本の緩衝政策余力は19.6。	財政圧力により若者支援や生活支援が遅れ、制度への失望が出やすい。 新しい事件というより、高い不安が続いて疲労感を生む。
FB135	79	社会反応	制度要求の可視化	0.27	全体	制度応答↑ SNS不安↑	若者・現役行動フィードバック	日本国内	制度要求24.9、生活防衛23.0、情報過敏11.6	怒りや制度要求が可視化され、政策対応への期待と失望が同時に高まる。
FB136	79	社会反応	生活防衛シフト	0.34	全体	生活コスト不安↑ 子ども意向↓	若者・現役行動フィードバック	日本国内	制度要求24.9、生活防衛23.0、情報過敏11.6	家計防衛が優先され、将来投資や子どもを迎える判断が後回しになる。
OE079	79	組織判断	企業・組織の採用育成判断	0.44	若者・現役世代	育成経路↑ 地域接続↑	組織運営LLM	日本	未来通信システム株式会社: 新卒は信頼運用/省電力で厳選、中途は監査・対外説明増 / 北関東精密加工株式会社: 新卒は小枠維持。生技・保全の中途を優先、採用は慎重化 / 首都圏業務支援株式会社: 新卒は最小維持。中途は危機広報・公共対応・監査へ寄せる	未来通信システム株式会社: 厳選で入口不安増、運用・監査志向の学習が強まる / 北関東精密加工株式会社: 採用縮小感で不安増。技能の見える化で成長機会は確保 / 首都圏業務支援株式会社: 採用は狭いが、説明・監査スキルで成長機会は増える 現役側には 未来通信システム株式会社: 監査/説明責任と省電力運用へ再技能化圧力が増す / 北関東精密加工株式会社: 不安増幅で現場抵抗が強まる。配置転換と負荷ケアが増える / 首都圏業務支援株式会社: 対人応対と品質責任が重くなり、精神負荷と再学習が増す
FB137	80	社会反応	制度要求の可視化	0.56	全体	制度応答↑ SNS不安↑	若者・現役行動フィードバック	日本国内	生活防衛41.7、制度要求40.9、連帯5.3	怒りや制度要求が可視化され、政策対応への期待と失望が同時に高まる。
FB138	80	社会反応	生活防衛シフト	0.68	全体	生活コスト不安↑ 子ども意向↓	若者・現役行動フィードバック	日本国内	生活防衛41.7、制度要求40.9、連帯5.3	家計防衛が優先され、将来投資や子どもを迎える判断が後回しになる。
OE080	80	組織判断	企業・組織の採用育成判断	0.45	若者・現役世代	育成経路↑ 地域接続↑	組織運営LLM	日本	未来通信システム株式会社: 新卒は信頼運用/省電力を厳選、中途は監査増 / 東北ライフライン保守株式会社: 新卒枠は維持しつつ縮小。中途は有資格・地元回帰を優先 / 北関東精密加工株式会社: 新卒小枠維持。保全・生技の中途を絞って確保	未来通信システム株式会社: 採用厳選が強まり不安増、監査/運用志向が増える / 東北ライフライン保守株式会社: 資格学習と地元志向が強まる一方、配属不安は残る / 北関東精密加工株式会社: 採用枠は狭いが技能の見える化で成長筋は明確化 現役側には 未来通信システム株式会社: 省電力運用と説明責任が増え、再学習と負荷が上がる / 東北ライフライン保守株式会社: 物価・不安下で業務増。遠隔支援で負荷は一部緩和 / 北関東精密加工株式会社: 保全・多能工へ再配置圧力。説明不足だと不安が増幅
WE069	80	世界イベント	間接衝突拡大	0.72	全体	地政学リスク↑ SNS不安↑	国家LLMリスク段階	イスラエル	ステップ80: 財政圧力が85.7。高リスク国: ウクライナ(限定戦争)、北朝鮮(間接衝突)、ロシア(間接衝突)、イスラエル(間接衝突)。日本の緩衝政策余力は17.7。	イスラエルの間接衝突化により、SNS上の不安と将来予見性の低下が強まる。
WE070	80	世界イベント	エネルギー価格ショックの悪化	0.30	全体	生活コスト↑ 子ども意向↓	エネルギー価格圧力	ウクライナ(限定戦争)、北朝鮮(間接衝突)、ロシア(間接衝突)、イスラエル(間接衝突)	ステップ80: 財政圧力が85.7。高リスク国: ウクライナ(限定戦争)、北朝鮮(間接衝突)、ロシア(間接衝突)、イスラエル(間接衝突)。日本の緩衝政策余力は17.7。	エネルギー圧力が高く、家計と移動・電気代への不安が増える。 直近で悪化しており、前よりも日常の判断に入り込みやすい。
FB139	81	社会反応	制度要求の可視化	0.44	全体	制度応答↑ SNS不安↑	若者・現役行動フィードバック	日本国内	生活防衛39.5、制度要求34.3、連帯5.4	怒りや制度要求が可視化され、政策対応への期待と失望が同時に高まる。
FB140	81	社会反応	生活防衛シフト	0.64	全体	生活コスト不安↑ 子ども意向↓	若者・現役行動フィードバック	日本国内	生活防衛39.5、制度要求34.3、連帯5.4	家計防衛が優先され、将来投資や子どもを迎える判断が後回しになる。
OE081	81	組織判断	企業・組織の採用育成判断	0.42	若者・現役世代	育成経路↑ 地域接続↑	組織運営LLM	日本	未来通信システム株式会社: 新卒は信頼運用/省電力を厳選、中途は監査・調達増 / 北関東精密加工株式会社: 新卒小枠維持。保全・生技中途は省人化前提で選別確保 / 関東広域ロジスティクス株式会社: 新卒は運行管理/DX核を維持。中途即戦力優先、外注は必要枠	未来通信システム株式会社: 厳選採用で不安増も、信頼運用/省電力系の成長機会が増 / 北関東精密加工株式会社: 採用枠は狭いが技能の見える化で育成の筋は明確化 / 関東広域ロジスティクス株式会社: 新卒枠は狭いがAI運用型の成長機会は増える。選抜不安は残る 現役側には 未来通信システム株式会社: 監査・運用・省電力設計へ再配置が進み、学び直し負荷増 / 北関東精密加工株式会社: 保全・段取りへ再配置増。説明不足だと不安と抵抗が拡大 / 関東広域ロジスティクス株式会社: 現場は多能工化と再学習負荷増。安定雇用は維持も評価は厳格化
FB141	82	社会反応	制度要求の可視化	0.61	全体	制度応答↑ SNS不安↑	若者・現役行動フィードバック	日本国内	制度要求44.0、生活防衛40.6、連帯7.1	怒りや制度要求が可視化され、政策対応への期待と失望が同時に高まる。
FB142	82	社会反応	生活防衛シフト	0.66	全体	生活コスト不安↑ 子ども意向↓	若者・現役行動フィードバック	日本国内	制度要求44.0、生活防衛40.6、連帯7.1	家計防衛が優先され、将来投資や子どもを迎える判断が後回しになる。
OE082	82	組織判断	企業・組織の採用育成判断	0.48	若者・現役世代	育成経路↑ 地域接続↑	組織運営LLM	日本	北関東精密加工株式会社: 新卒小枠維持。即戦力中途は生産安定・保全中心に絞る / 未来通信システム株式会社: 新卒は信頼運用/省電力を厳選、中途は官公需・監査増 / 関東広域ロジスティクス株式会社: 新卒は運行管理/保全/DX核に絞り維持。中途即戦力厚め	北関東精密加工株式会社: 少数採用で不安は残るが、型化で立上りは早まる / 未来通信システム株式会社: 厳選採用で不安増。研修は厚くAI運用の成長機会は増 / 関東広域ロジスティクス株式会社: 新卒枠は狭まり不安増。資格化で早期戦力化と安全意識は上昇 現役側には 北関東精密加工株式会社: 省人化で配置転換増。技能の見える化で負担と摩擦が上がる / 未来通信システム株式会社: 最適化・監査へ再配置が進み、学習負担と役割摩擦が増 / 関東広域ロジスティクス株式会社: 現役は配置転換と再訓練が増える。負荷抑制策なければ離職圧
FB143	83	社会反応	制度要求の可視化	0.40	全体	制度応答↑ SNS不安↑	若者・現役行動フィードバック	日本国内	生活防衛38.3、制度要求32.4、連帯6.8	怒りや制度要求が可視化され、政策対応への期待と失望が同時に高まる。
FB144	83	社会反応	生活防衛シフト	0.62	全体	生活コスト不安↑ 子ども意向↓	若者・現役行動フィードバック	日本国内	生活防衛38.3、制度要求32.4、連帯6.8	家計防衛が優先され、将来投資や子どもを迎える判断が後回しになる。
OE083	83	組織判断	企業・組織の採用育成判断	0.50	若者・現役世代	採用不安↑ 若手育成経路↓	組織運営LLM	日本	北関東精密加工株式会社: 新卒小枠維持。中途は保全・生産管理・営業技術を優先 / 関東広域ロジスティクス株式会社: 新卒は運行管理/保全/DX核に絞り維持。中途比率↑ / 未来通信システム株式会社: 新卒は信頼運用・セキュリティ厳選、中途は監査/官公需強化	北関東精密加工株式会社: 採用枠は小さく不安定。技能の型化で早期戦力化は進む / 関東広域ロジスティクス株式会社: 採用枠は絞るが技能明確化で学習指針は得やすい / 未来通信システム株式会社: 採用要件が硬化し不安増、ただし危機運用系の成長機会は増 現役側には 北関東精密加工株式会社: 現場はAI補助で負荷減だが、変化不安と稟議負担が残る / 関東広域ロジスティクス株式会社: 再配置と保全・AI運用への再訓練圧力が増す / 未来通信システム株式会社: 説明/監査対応が増え負荷上昇、再配置と省電力運用で技能更新
WE071	83	世界イベント	間接衝突拡大	0.72	全体	地政学リスク↑ SNS不安↑	国家LLMリスク段階	北朝鮮	ステップ83: SNS不安増幅が83.5。高リスク国: ウクライナ(限定戦争)、北朝鮮(間接衝突)、ロシア(間接衝突)、イスラエル(間接衝突)。日本の緩衝政策余力は18.2。	北朝鮮の間接衝突化により、SNS上の不安と将来予見性の低下が強まる。
FB145	84	社会反応	制度要求の可視化	0.36	全体	制度応答↑ SNS不安↑	若者・現役行動フィードバック	日本国内	生活防衛34.1、制度要求30.0、情報過敏8.0	怒りや制度要求が可視化され、政策対応への期待と失望が同時に高まる。
FB146	84	社会反応	生活防衛シフト	0.54	全体	生活コスト不安↑ 子ども意向↓	若者・現役行動フィードバック	日本国内	生活防衛34.1、制度要求30.0、情報過敏8.0	家計防衛が優先され、将来投資や子どもを迎える判断が後回しになる。
