step	世界イベント名	説明
1	停戦後の不安定な平常化	米国とイランの直接交戦は止まっているが、再燃リスクと原油不安が残る。
2	フロンティアAI競争の加速	米中を中心にAI投資と規制競争が強まり、雇用と計算資源の不安が広がる。
3	台湾海峡・半導体不安	台湾周辺の緊張と半導体供給懸念が、日本の安全保障と産業心理に影響する。
4	ホルムズ・エネルギー価格警戒	中東情勢の再燃リスクが原油・物流・電気代の先行き不安を強める。
5	戦略ブロック硬化	半導体、AI、軍事技術でブロック化が進み、サプライチェーンの分断感が強まる。
6	日本の緩衝政策検討	日本政府が若者住居、再教育、生活費対策を組み合わせるが財政制約が残る。
7	AI設備投資の電力制約	データセンター投資が電力網と地域負担を押し上げ、AI利用格差への懸念が広がる。
8	若年雇用の再配置摩擦	AI導入企業と非導入企業の差が広がり、初職・転職・職業訓練の不安が強まる。
9	米中AI規制協議の停滞	安全保障と産業優位をめぐる規制協議が進まず、計算資源と半導体の囲い込み感が残る。
10	生活費対策の部分実施	日本で光熱費と住居費の補助が一部実施されるが、対象外世帯の不公平感も残る。
11	台湾周辺の軍事演習沈静化	直接衝突リスクは少し下がるが、半導体供給の不安は構造的に残る。
12	生成AI職業教育の制度化	学校と職業訓練にAI活用教育が組み込まれ始め、適応できる層と取り残される層が分かれる。
13	介護・医療人手不足の表面化	高齢化と現場離職により、若い世代の家族ケア負担と将来不安が強まる。
14	半導体供給の一部正常化	供給網の代替調達が進むが、先端品と汎用品で回復差が残る。
15	SNS不安疲れと情報回避	危機情報が続きすぎ、若者の一部で情報回避と政治的諦念が増える。
16	地域インフラ更新財源の不足	医療、交通、学校、電力網の更新費が重なり、日本の財政圧力が再び意識される。
17	AI企業の利益集中批判	AIで生まれた利益が一部企業へ集中し、雇用不安と制度不信が結びつく。
18	若者向け住宅支援の拡大案	住居安定策の拡大が検討され、生活の足場を持てる可能性が少し見える。
19	東アジア対話の再開	安全保障対話が再開し、軍事的緊張はやや緩むが、技術・経済の分断は残る。
20	学校現場のAI格差対策	公教育でAI利用環境の整備が進むが、家庭環境差と地域差は残る。
21	エネルギー価格の一時安定	燃料価格が落ち着き、短期の生活費不安は和らぐが、電力投資負担は残る。
22	ケア労働の社会的評価見直し	介護・保育・地域維持活動を報酬化する議論が進み、社会持続活動への注目が高まる。
23	AI安全事故と規制強化	AI関連の事故が報じられ、規制強化と産業競争の両立が政治争点になる。
24	2年目の制度評価	支援策と再教育策の効果が見え始めるが、恩恵の届き方に世代・地域差が残る。
