観点	根拠ファイル	根拠の中身	なぜ妥当か	若者・現役への接続	発表での説明ポイント
国家選定	国家エージェント初期値.tsv	米中日台韓露宇イランイスラエルサウジ印EUの12主体	東アジア安全保障・エネルギー・供給網・AI競争の主要圧力源を網羅	地政学リスク,エネルギー価格,供給網不安,雇用不確実性に変換	「日本に効く外圧の最小十分集合」と説明できる
外圧の因果接続	国家から若者への接続設計.tsv	外圧変数→若者/現役への心理・経済影響を定義	国家イベントを国内生活へ落とす橋が明示されている	希望指数,制度信頼,子ども意向,家計圧力へ直結	「国際情勢を感情・生活の変数へ翻訳している」と示せる
目的関数の妥当性	国家目的関数定義.tsv	国家存続,安全保障,正統性,経済再生産,技術主権,構造持続余力を定義	国家が現実に最適化する目的に近い構造	財政圧力や防衛負担が国内制度配分へ波及	「国家は善悪でなく制約下で目的最適化する主体」と説明できる
国別差分の妥当性	国家エージェント目的重み.tsv	各国ごとに目的重みが異なる	米中競争,台湾海峡,欧州戦争,中東エネルギー等の差を反映	同じショックでも日本波及の向きと強さが変わる	「国別重みがあるので一律イベントではない」と言える
初期値の妥当性	国家エージェント初期値.tsv	制度容量,戦争圧力,財政余力,日本波及係数などの初期設定	ショック耐性と対外行動圧力を同時に扱える	日本波及係数で国内シミュレーションへ直接入力可能	「外圧の強さを定量で渡せる」と示せる
構造持続理論との整合	国家目的関数定義.tsv	構造持続余力を国家目的に明示	単なる成長でなく修復経路維持を評価できる	日本緩衝政策の有効性検証に接続できる	japan_policy_bufferの意味づけが強化される
AGI時代の整合	国家目的関数定義.tsv,国家から若者への接続設計.tsv	技術主権,計算資源制約,雇用不確実性を中核変数化	AGI競争の現実的争点を扱える	学習機会格差,再教育圧力,役割喪失不安に連結	「AI時代の外圧を政策設計へ落とした」と説明できる
政策介入の検証可能性	国家から若者への接続設計.tsv,イベント定義.tsv	外圧変数と日本緩衝政策の同時運用を前提化	介入なし/あり比較が因果で説明可能	若者希望と現役停滞遷移の差分を検証可能	「介入でどの外圧を緩和したか」を分解できる
現在の強み	上記4ファイル全体	国家層→国内層→若者観測の3段が接続済み	システム全体が閉ループに近い	外圧から出生・希望まで一本で追える	ハッカソンで“絵”ではなく“モデル”として示せる
追加するとさらに強くなる点	国家エージェント初期値.tsv,国家エージェント目的重み.tsv	各初期値と重みの出典列（統計/専門家判断/仮定）を追加	恣意性への質問に即答できる	係数調整の透明性が上がる	「どこがデータでどこが仮定か」を一目で示せる
