目的要素	意味	国家側の観測変数	日本・若者への副作用	初期重み	備考
国家構造の存続	国家が国家として意思決定・徴税・治安・外交を継続できること	制度容量,国内不安,財政余力	制度信頼,安心,裏切られ感	1.00	最上位目的。単なる領土防衛ではなく、制度運用の継続を含む。
領域安全保障	領土・海域・国境・重要拠点を守ること	戦争圧力,同盟支援,地政学リスク	不安,長期計画困難,生活防衛	0.90	危機時に急上昇し、他目的を圧迫しやすい。
政権・制度正統性	国民に統治が受け入れられ、反乱や大規模不服従を避けること	国内不安,制度容量,国内向け説明	制度信頼,怒り,裏切られ感	0.85	民主制では選挙・世論、権威主義では体制安定として出る。
経済再生産	雇用・生産・通貨・物流・エネルギーを維持すること	エネルギー安全保障,食料安全保障,財政余力	生活コスト,雇用不確実性,子ども意向	0.85	国家存続の生活基盤。若者への波及が最も見えやすい。
戦略的自律性	他国に完全従属せず、選択肢を残すこと	同盟支援,計算資源アクセス,半導体重要度	供給網不安,計算資源格差,将来予見性	0.70	同盟国でもゼロにはならない。
同盟・抑止信頼	同盟国・友好国から見て約束を守る主体であり続けること	同盟支援,主機能,戦争圧力	防衛費圧力,財政圧力,制度応答遅れ	0.65	日本には米国・台湾・韓国・欧州経由で効きやすい。
社会安定	国内の抗議・分断・治安悪化を抑え、日常生活を維持すること	国内不安,AI自動化影響,財政余力	不安,怒り,SNS不安増幅	0.75	若者の未来感情に心理的に波及する。
技術主権	AI・半導体・計算資源・重要技術へのアクセスを守ること	計算資源アクセス,半導体重要度,AI自動化影響	学習機会格差,雇用不安,希望経路	0.70	AGI時代の国家存続条件として扱う。
構造持続余力	壊れた制度・インフラ・役割を修復し続ける余力	制度容量,財政余力,食料安全保障,エネルギー安全保障	安心,希望,連帯感,ジェネラティビティ	0.80	構造持続理論の中核。危機を消すのではなく、修復経路を残す。
