イベントID	想定時期	イベント名	原因クラス	要点	日本波及チャネル	発生確率_0to1	影響強度_0to1	持続期間ステップ	遅延効果ステップ	シナリオ感度	備考
F001	2028-2032	AGI知的労働代替の本格化	技術断層	知的定型業務の代替が急進し、初期キャリアの入口が縮小する	雇用不確実性,制度信頼,学習機会格差	0.85	0.82	10	2	加速高	再訓練と役割再設計がないとM/C停滞を増幅
F002	2028-2035	AI生産性偏在と超過利潤集中	技術断層	少数企業・少数国家に生産性利得が集中し、再分配圧力が増す	格差圧力,財政圧力,制度信頼	0.80	0.76	12	3	加速高	P10系の逆進性補正が効く検証対象
F003	2030-2040	教育制度の半自律化	制度不適合	学校が資格供給型から能力更新型へ移行できるかで格差が拡大/縮小	学習機会格差,希望指数,制度信頼	0.72	0.68	14	4	中位高	P09との相互作用が大きい
F004	2027-2038	中間スキル職の空洞化	技術断層	中間スキル職が減少し、高スキル/低賃金サービスへ二極化	雇用不確実性,生活コスト圧力	0.78	0.74	12	2	加速高	現役区分3,4,8に強く波及
F005	2032-2045	自律兵器・認知戦の常態化	地政学再編	戦争閾値が低下し、平時からの情報戦が国内感情を攪乱する	地政学リスク,SNS不安,制度信頼	0.65	0.72	16	1	加速中	E06拡張イベントとして実装しやすい
F006	2030-2042	半導体・計算資源ブロック化	地政学再編	計算資源と半導体供給が陣営化し、技術アクセス格差が拡大	計算資源制約,供給網不安,雇用不確実性	0.70	0.75	14	3	加速高	国家モデルCHN/TWN/USA/KOR連動
F007	2029-2040	グリーン転換コストの逆進化	資源・気候ショック	脱炭素移行コストが生活コストに先行転嫁される	生活コスト圧力,財政圧力	0.76	0.67	10	2	中位中	低所得層の不信増幅リスク
F008	2035-2050	気候災害の多発同時化	資源・気候ショック	複数地域で同時災害が発生し、保険・財政・供給網に複合負荷	供給網不安,生活コスト圧力,財政圧力	0.74	0.83	18	1	保守中	保守シナリオでも無視困難
F009	2030-2045	水・食料の地政学化	資源・気候ショック	水資源と穀物供給が外交カード化し、価格変動が常態化	生活コスト圧力,供給網不安	0.62	0.69	14	3	中位中	UKR/IND/中東要因の組合せで発火
F010	2028-2038	少子高齢化の臨界域到達（日本）	制度不適合	支える側人口減とケア需要増が同時進行し制度余力を圧迫	財政圧力,ケア負荷,制度信頼	0.90	0.78	20	0	全シナリオ高	JPNの基底イベント
F011	2033-2048	介護インフラの慢性不足	制度不適合	介護人材不足と家族介護負担増で離職連鎖が進む	ケア負荷,雇用不確実性,制度信頼	0.84	0.77	16	2	全シナリオ高	現役区分7の遷移に直結
F012	2030-2040	都市居住コストの高止まり	制度不適合	住居費上昇が婚姻・出生の実行段階を阻害する	生活コスト圧力,住居不安	0.82	0.70	12	1	全シナリオ高	P01感度検証向け
F013	2032-2044	地方インフラ維持の分岐	制度不適合	維持成功地域と縮退地域の差が拡大する	住居不安,制度信頼,希望指数	0.68	0.66	14	3	中位中	P07の有無で差が出る
F014	2027-2035	デジタル監視と自由の再調整	価値観転換	利便と監視受容のトレードオフが社会規範を変える	制度信頼,社会分断	0.73	0.58	9	1	加速中	9.11後パラダイムの延長線
F015	2030-2045	生成AIによる情報真偽コスト上昇	技術断層	真偽判定の負担が個人へ転嫁され、認知格差が拡大する	SNS不安,制度信頼,希望指数	0.88	0.71	12	1	加速高	K01-K03が重要
F016	2035-2055	汎用ロボティクス普及	技術断層	身体労働の自動化が進み、サービス産業の雇用再編が発生	雇用不確実性,生活コスト圧力	0.66	0.72	15	3	加速中	区分6/10/現役4に強く波及
F017	2040-2060	ベーシックサービス国家への移行圧力	制度不適合	現金給付より基礎サービス提供型へ政策軸が移る	制度信頼,財政圧力,希望指数	0.58	0.62	14	4	中位中	BI単独との比較対象
F018	2030-2050	国際課税再編とデジタル課税強化	経済金融	国際課税再編で国内財源の再配分余地が変化する	財政圧力,制度信頼	0.61	0.55	11	4	中位中	P10との整合性が重要
F019	2033-2045	医療・生殖技術アクセス格差の拡大	技術断層	生殖・予防医療アクセスが所得層で分断される	子ども意向,制度信頼,格差圧力	0.57	0.64	13	3	加速中	C2→C4差に反映
F020	2035-2050	長寿化と就労寿命延長の制度摩擦	制度不適合	就労寿命延長と家族ケア負担が衝突する	ケア負荷,雇用不確実性	0.75	0.67	15	4	全シナリオ中	現役層の疲労感増幅
F021	2040-2065	国家間AIガバナンス枠組み形成	体制転換	遅れて規範が形成され、技術競争の暴走を部分抑制する	制度信頼,地政学リスク	0.52	0.50	18	6	保守低	成立時は安定化寄与
F022	2042-2060	供給網の地域内完結化	地政学再編	効率より安全保障優先で地域内サプライチェーン化が進む	供給網不安,生活コスト圧力	0.64	0.60	14	4	中位中	初期コスト高、後半安定化
F023	2030-2040	社会的孤立の常態化と関係資本劣化	価値観転換	単身化とオンライン偏重で相互扶助資本が減衰する	希望指数,制度信頼,ケア負荷	0.79	0.69	12	2	全シナリオ高	S02低下イベント
F024	2035-2050	出生観の二極化	価値観転換	子どもを持つ層と持たない層の価値観分断が固定化する	子ども意向,制度信頼,社会分断	0.71	0.63	13	3	中位高	C0/C1分布に影響
F025	2045-2070	東アジア安全保障の新均衡形成	地政学再編	長期対立の後に限定均衡へ移行し、リスクは低下するが費用は残る	地政学リスク,財政圧力	0.49	0.57	18	8	保守低	後半で安定化ショック
F026	2050-2080	気候移住圧力と都市再編	資源・気候ショック	国内外の移住圧力が都市圏の住宅・雇用を再編する	住居不安,雇用不確実性,制度信頼	0.60	0.68	20	5	中位中	住居政策の重要度上昇
F027	2055-2085	教育-労働-福祉の統合プラットフォーム化	体制転換	学習履歴と社会保障が連結され再分配の実装効率が向上する	制度信頼,希望指数,雇用不確実性	0.48	0.54	18	7	保守低	P03/P06の制度化版
F028	2060-2090	資源循環経済の主流化	経済金融	一次資源依存が低下し、エネルギー価格ショックの感度が減る	エネルギー価格圧力,生活コスト圧力	0.46	0.49	20	8	保守低	長期安定化要因
F029	2065-2100	人間の役割再定義（ケア・創造・共同体）	価値観転換	経済価値中心から社会持続価値中心へ評価軸が移る	希望指数,制度信頼,子ども意向	0.42	0.65	22	10	加速中	文明OS仮説の主要検証対象
F030	2070-2125	文明OS型制度の定着または失敗	体制転換	sat的に制度が自己修復可能かで長期安定が分岐する	制度信頼,財政圧力,希望指数,子ども意向	0.40	0.90	30	12	全シナリオ分岐	最終到達点イベント
