イベントID	step	区分	イベント名	強度_0to1	対象	主な影響方向	発生源	関連国	日本社会状態	若者への入力文	planner_action	delivery_channel	budget_cost_0to1	implementation_lag_steps	duration_steps	expected_effect	side_effect_watchpoints	adjustment_reason
PL001_01	1	政策探索	副作用監査と異議申立ての即時窓口	0.62	不安が高い層（非正規・単身・介護/育児併走・失職リスク層）	制度信頼↑ 不安増幅↓ 対象外反発↓	LLM政策探索/構造持続あり	日本	地政学・エネルギー高で不安が増幅。制度信頼と生活維持の担い手が摩耗し二極化が進む。	何かあっても言い返せる場所があるなら、将来計画を立て直せる気がする。	add	自治体	0.28	0	8	制度信頼↑ 不安増幅↓ 対象外反発↓	申立て殺到による待ち時間、監査が形骸化、説明が強制に見える、現場疲弊	高リスク環境では給付拡大より先に、誤配・不公平・強制感の火種を抑え制度疲労を予防する必要があるため。
PL001_02	2	政策探索	社会維持活動nat報酬（ケア・防災・地域運営）	0.70	ケア負担者、地域インフラ維持の担い手、学び直し準備層	未来経路↑ ケア負担↓ 地域維持↑ 雇用不安↓	LLM政策探索/構造持続あり	日本	地政学・エネルギー高で不安が増幅。制度信頼と生活維持の担い手が摩耗し二極化が進む。	仕事が不安定でも、地域で役に立つほど次の選択肢が増えるなら前に進める。	add	地域	0.62	1	8	未来経路↑ ケア負担↓ 地域維持↑ 雇用不安↓	不正・水増し、参加できない人の対象外感、現金代替と誤解される、自治体間格差	供給網脆弱・財政圧の局面では、生活と地域の維持を『役割と報酬』として見える化し、雇用の谷とケアの摩耗を同時に緩衝する方が副作用が小さいため。
PL002_01	3	政策探索	nat報酬の参加不能配慮と不正抑止の同時改修	0.60	ケア・疾患・単身・失職リスクで参加困難/不規則な層、自治体資源が弱い地域	対象外感↓ 不正・水増し↓ 制度信頼↑ ケア負担↓ 地域維持↑	LLM政策探索/構造持続あり	日本	副作用圧と公平感欠損が高く、対象外感が不信と疲労を増幅しやすい	やりたいことより、制度の穴埋めか疑われる不安が先に立つ	amend	自治体	0.18	1	8	対象外感↓ 不正・水増し↓ 制度信頼↑ ケア負担↓ 地域維持↑	参加条件の複雑化による手続き疲れ、自治体間格差の固定化、監視強化が強制感に見える	公平感欠損と副作用圧が高い局面で、参加できない層の反発と不正懸念を先に潰さないと二極化と疲労が加速するため
PL002_02	2	政策探索	異議申立の一次判定短縮と『非強制説明』の標準化	0.52	不安が高い層（非正規・単身・介護/育児併走・失職リスク層）と現場窓口職員	待ち時間↓ 政策疲労↓ 制度信頼↑ 不安増幅↓ 対象外反発↓	LLM政策探索/構造持続あり	日本	副作用圧と公平感欠損が高く、対象外感が不信と疲労を増幅しやすい	困ったときに早く否定されずに話を聞いてもらえるかが一番の不安	simplify	相談窓口	0.12	0	6	待ち時間↓ 政策疲労↓ 制度信頼↑ 不安増幅↓ 対象外反発↓	一次判定の粗さによる誤判定、窓口の負荷集中、説明が『強制』と誤読される	申立て殺到と形骸化リスクが最初に現れやすく、短縮と非強制の型を先に入れる方が疲労と不信の連鎖を止めやすい
PL003_01	4	政策探索	副作用・対象外救済ルートの非強制説明パッケージ	0.60	注意層（非正規・単身・ケア併走・失職リスク）と現場窓口職員	制度信頼↑ 対象外反発↓ 政策疲労↓ 不安増幅↓	LLM政策探索/構造持続あり	日本	副作用圧が突出し、公平感欠損と政策疲労が『対象外反発』を増幅。手続き負担も再燃。	制度が増えるほど自分が対象外になる気がして、どこに頼ればいいか分からない。	explain	相談窓口	0.08	1	6	制度信頼↑ 対象外反発↓ 政策疲労↓ 不安増幅↓	説明が強制に見える、窓口負荷集中、情報過多で逆に疲れる	nat報酬の改修と異議申立短縮が進むほど、説明の不備は『監視強化』『選別』に誤読されやすい。副作用の見える化と救済ルート提示を先に整え、反発と疲労を減衰させる。
PL003_02	5	政策探索	住居・ケア・学び直し・地域更新のワンストップ束ね直し（条件整理）	0.50	参加不規則層（ケア・疾患・単身・失職リスク）と自治体資源が弱い地域	手続き疲れ↓ 公平感↑ 生活防衛↑ 未来経路↑ 対象外感↓	LLM政策探索/構造持続あり	日本	副作用圧が突出し、公平感欠損と政策疲労が『対象外反発』を増幅。手続き負担も再燃。	支援はあると言われるのに窓口が多すぎて、結局どれも自分向けじゃない感じがする。	simplify	自治体	0.34	2	8	手続き疲れ↓ 公平感↑ 生活防衛↑ 未来経路↑ 対象外感↓	対象条件の境界争い、自治体間格差の固定化、窓口改編による一時混乱	副作用圧と公平感欠損の背景に『制度が分断され自己責任に見える』構図があるため、束ね直しで入口を一本化し、対象条件を整理して摩擦と疲労を下げる。
PL004_01	5	政策探索	救済・説明の順序統一（入口一本化）	0.60	注意層（非正規・単身・ケア併走・失職リスク）と現場窓口職員	政策疲労↓ 情報過多↓ 制度信頼↑ 対象外反発↓ 待ち時間↓	LLM政策探索/構造持続あり	日本	副作用圧95.6が突出。説明と救済が多層化し、対象外感と手続き疲れが政策疲労・公平感欠損を増幅。	制度が増えて何から手を付ければいいか分からず、損しそうで怖い。	sequence	相談窓口	0.14	1	8	政策疲労↓ 情報過多↓ 制度信頼↑ 対象外反発↓ 待ち時間↓	入口集中による待ち時間悪化、一次判定の粗さによる誤振り分け、説明が強制に見える誤読	副作用圧が最大で、施策追加より『どこから何をすれば良いか』の迷いと窓口負荷が悪化源。順序統一で摩擦を減らす。
PL004_02	6	政策探索	住居・ケア・学び直し・地域更新の束ね直し（最小パッケージ）	0.52	参加困難/不規則層（ケア・疾患・単身・失職リスク）と自治体資源が弱い地域	生活防衛↑ 対象外感↓ 公平感↑ ケア負担↓ 未来経路↑	LLM政策探索/構造持続あり	日本	副作用圧95.6が突出。説明と救済が多層化し、対象外感と手続き疲れが政策疲労・公平感欠損を増幅。	働く・学ぶ・介護するが同時に来て、どれも中途半端で将来が詰んで見える。	amend	自治体	0.22	2	8	生活防衛↑ 対象外感↓ 公平感↑ ケア負担↓ 未来経路↑	パッケージ条件の複雑化、自治体間格差の固定化、既存施策との重複による政策疲労	公平感欠損55.5と生活防衛36.4が並走し、単発制度が『拾い漏れ』を生む。束ね直しで対象外反発と副作用を減らす。
PL005_01	6	政策探索	入口一本化の負荷分散改修（予約・分岐・代行）	0.60	注意層（非正規・単身・ケア併走・失職リスク）と窓口職員、自治体資源が弱い地域	政策疲労↓ 待ち時間↓ 制度信頼↑ 対象外反発↓ 公平感↑	LLM政策探索/構造持続あり	日本	副作用圧100で不信と疲労が先行。入口集中と情報過多が公平感欠損を増幅。	制度は増えたのに、どこに行けば何が解決するのか分からず、並ぶほど損をする気がする。	amend	自治体	0.22	1	8	政策疲労↓ 待ち時間↓ 制度信頼↑ 対象外反発↓ 公平感↑	入口集中による待ち時間悪化、一次判定の粗さによる誤振り分け、デジタル弱者の排除	供給網不安の中で新規拡大は反発を招くため、既存の入口一本化を“混雑しない設計”に直して副作用圧を下げる。
PL005_02	5	政策探索	非強制・最小情報の個別説明（1枚要約＋選択式）	0.50	注意層（手続き疲れ・情報過敏が高い層）と申立て利用者、窓口職員	情報過多↓ 政策疲労↓ 制度信頼↑ 対象外反発↓ 申立て品質↑	LLM政策探索/構造持続あり	日本	副作用圧100で不信と疲労が先行。入口集中と情報過多が公平感欠損を増幅。	長い説明より、今の自分に関係ある選択肢だけを短く示してほしい。	explain	相談窓口	0.11	0	6	情報過多↓ 政策疲労↓ 制度信頼↑ 対象外反発↓ 申立て品質↑	説明が強制に見える誤読、情報が少なすぎて不信が残る、現場の追加負担	副作用圧が最大の局面では、追加給付より“誤解と強制感”を減らす説明設計が最優先で、入口改修と同時に効く。
PL006_01	7	政策探索	入口一本化の負荷分散（予約・分岐・代行）	0.62	注意層（非正規・単身・ケア併走・失職リスク）と窓口職員、自治体資源が弱い地域	待ち時間↓ 政策疲労↓ 制度信頼↑ 対象外反発↓ 公平感↑	LLM政策探索/構造持続あり	日本	副作用圧100と政策疲労61が支配。入口集中と説明過多が不信・対象外感を増幅。	手続きが混んでいて先が読めず、助けがあっても辿り着けない感覚が強い。	amend	自治体	0.22	1	8	待ち時間↓ 政策疲労↓ 制度信頼↑ 対象外反発↓ 公平感↑	デジタル弱者の排除、一次判定の誤振り分け、入口集中による局所混雑	供給網不安下で制度余力が低く、追加施策より運用ボトルネック解消が副作用圧と疲労を同時に下げるため。
PL006_02	6	政策探索	非強制・最小情報の個別説明（1枚要約＋選択式）	0.48	注意層（手続き疲れ・情報過敏が高い層）と申立て利用者、窓口職員	情報過多↓ 政策疲労↓ 申立て品質↑ 対象外反発↓ 制度信頼↑	LLM政策探索/構造持続あり	日本	副作用圧100と政策疲労61が支配。入口集中と説明過多が不信・対象外感を増幅。	情報が多すぎて判断できず、間違えると損をする不安が常にある。	explain	相談窓口	0.11	0	6	情報過多↓ 政策疲労↓ 申立て品質↑ 対象外反発↓ 制度信頼↑	説明が強制に見える誤読、情報が少なすぎる不信、現場負担の増加	公平感欠損57が高く、追加給付より『選べる説明』で強制感を抑えつつ救済ルート到達率を上げる必要があるため。
PL007_01	8	政策探索	入口一本化の負荷分散（予約・分岐・代行）をアナログ併設で強化	0.60	注意層（非正規・単身・ケア併走・失職リスク）とデジタル弱者、窓口職員	待ち時間↓ 政策疲労↓ 制度信頼↑ 対象外反発↓ 公平感↑	LLM政策探索/構造持続あり	日本	副作用圧100と政策疲労64.6が突出。供給網不安下で窓口混雑と不公平感が増幅。	不安は増えるのに手続きが複雑で、並ぶほど損をする社会に見える。	amend	自治体	0.22	1	8	待ち時間↓ 政策疲労↓ 制度信頼↑ 対象外反発↓ 公平感↑	デジタル弱者の排除、一次判定の誤振り分け、局所混雑の再発、現場疲弊	供給網不安で生活防衛需要が増える局面ほど、入口渋滞が副作用・不信・疲労を増幅するため、予約/分岐/代行を標準化して摩擦を下げる。
PL007_02	7	政策探索	非強制・最小情報の個別説明（1枚要約＋選択式）を入口で必須化せず選択提供	0.55	注意層（手続き疲れ・情報過敏が高い層）と申立て利用者、窓口職員	情報過多↓ 政策疲労↓ 申立て品質↑ 対象外反発↓ 制度信頼↑	LLM政策探索/構造持続あり	日本	副作用圧100と政策疲労64.6が突出。供給網不安下で窓口混雑と不公平感が増幅。	制度の意図が見えず、知らないうちに対象外になって責められる感じがする。	explain	相談窓口	0.11	0	6	情報過多↓ 政策疲労↓ 申立て品質↑ 対象外反発↓ 制度信頼↑	説明が強制に見える誤読、情報が少なすぎる不信、現場の追加負担、対象外感の残存	副作用圧が最大のため『説明の押し付け』を避けつつ、異議申立と救済ルートを最短で理解できる形にして、疲労と不公平感を同時に下げる。
PL008_01	9	政策探索	副作用監査・異議申立の第三者レビュー＋月次公開	0.62	注意層（非正規・単身・ケア併走・失職リスク）と窓口職員、対象外反発が強い層	制度信頼↑ 政策疲労↓ 不安増幅↓ 対象外反発↓ 公平感↑	LLM政策探索/構造持続あり	日本	副作用圧が極大で、公平感欠損と政策疲労が固定化。入口強化だけでは不信が残る。	どれだけ頑張っても制度に弾かれそうで、理由も改善も見えない。	add	自治体	0.18	1	8	制度信頼↑ 政策疲労↓ 不安増幅↓ 対象外反発↓ 公平感↑	監視強化に見える強制感、現場負荷の再増、公開情報が炎上材料になる、改善が遅いと失望が増幅	副作用圧100の局面では、施策追加より『害の検知→是正→説明』の循環を制度化し、納得の再構築が先。
PL008_02	9	政策探索	対象条件のグレー救済（暫定承認・後追い調整）で境界争いを減らす	0.58	参加不規則層（ケア・疾患・単身・失職リスク）と『対象外』になりやすい周辺層、自治体資源が弱い地域	対象外感↓ 公平感↑ 生活防衛↑ 政策疲労↓ 制度信頼↑	LLM政策探索/構造持続あり	日本	副作用圧が極大で、公平感欠損と政策疲労が固定化。入口強化だけでは不信が残る。	少し条件が違うだけで切り捨てられる気がして、申請する気力が削れる。	amend	相談窓口	0.26	1	8	対象外感↓ 公平感↑ 生活防衛↑ 政策疲労↓ 制度信頼↑	不正・水増しの増加、基準の不透明化、後追い調整で返還不安が増える、自治体間運用差の拡大	束ね直しで境界争いが起きやすい段階なので、入口で落とさず暫定救済し、後で誤差調整する順序に変えて分断を抑える。
PL009_01	10	政策探索	暫定承認の返還不安カット（非返還ゾーン＋運用統一）	0.62	参加不規則層（ケア・疾患・単身・失職リスク）と境界にいる周辺層、自治体資源が弱い地域	対象外感↓ 公平感↑ 生活防衛↑ 政策疲労↓ 制度信頼↑	LLM政策探索/構造持続あり	日本	副作用圧100で不信と疲労が拡大、境界層の対象外感がSNSで増幅し二極化が進行。	頑張っても条件の境目で弾かれ、後から請求されるかもという不安がずっと頭から離れない。	amend	自治体	0.28	1	10	対象外感↓ 公平感↑ 生活防衛↑ 政策疲労↓ 制度信頼↑	不正・水増し、基準の不透明化、自治体間運用差、返還不安の再燃	暫定承認は効くが『後で返される』恐怖がSNS不安を増幅するため、非返還ゾーンと運用統一で心理的コストを下げる。
PL009_02	9	政策探索	副作用公開の順序再設計（要約→対話→月次公開）	0.50	注意層（非正規・単身・ケア併走・失職リスク）と対象外反発が強い層、窓口職員	不安増幅↓ 政策疲労↓ 制度信頼↑ 対象外反発↓ 公平感↑	LLM政策探索/構造持続あり	日本	副作用圧100で不信と疲労が拡大、境界層の対象外感がSNSで増幅し二極化が進行。	制度の話は難しいまま切り取られて流れ、結局誰も守ってくれない感じだけが強くなる。	sequence	スマホ通知	0.16	0	8	不安増幅↓ 政策疲労↓ 制度信頼↑ 対象外反発↓ 公平感↑	監視強化に見える強制感、情報過多、公開情報の炎上材料化、改善遅延による失望	第三者レビューの公開は信頼に効くが、今のSNS圧では生データが炎上燃料になるため、先に短い要約と異議申立の動線を出して受け止め先を作る。
PL010_01	11	政策探索	副作用公開の炎上抑制シーケンス（要約→対話→月次）	0.58	注意層（不安増幅・手続き疲れ）と対象外反発が強い層、窓口職員	不安増幅↓ 政策疲労↓ 制度信頼↑ 対象外反発↓ 公平感↑	LLM政策探索/構造持続あり	日本	副作用圧100で炎上・不信が増幅し、政策疲労と公平感欠損が固定化しつつある。	情報が多すぎて何が本当か分からず、制度は自分に厳しいだけに見える。	sequence	自治体	0.16	1	8	不安増幅↓ 政策疲労↓ 制度信頼↑ 対象外反発↓ 公平感↑	公開情報の炎上材料化、監視強化に見える強制感、改善遅延による失望、現場負荷の再増	SNS不安増幅が高く、副作用公開が『監視/攻撃材料』に転じやすい局面のため、対話を挟んで誤読と敵対を減らす。
PL010_02	10	政策探索	暫定承認・非返還ゾーンの1枚説明（選択式＋不正対策の明示）	0.50	境界にいる周辺層（対象外になりやすい）と参加不規則層、相談員	返還不安↓ 対象外感↓ 政策疲労↓ 制度信頼↑ 生活防衛↑	LLM政策探索/構造持続あり	日本	副作用圧100で炎上・不信が増幅し、政策疲労と公平感欠損が固定化しつつある。	助けは欲しいが、後で返せと言われそうで申請が怖い。	explain	相談窓口	0.10	0	6	返還不安↓ 対象外感↓ 政策疲労↓ 制度信頼↑ 生活防衛↑	説明が強制に見える誤読、情報が少なすぎる不信、『ズルい』認知による反発、現場の追加負担	副作用圧が最大で、境界救済が『不透明/不公平』と読まれるリスクが高いので、最小情報でルールと不正対策を先に固定し疲労を下げる。
PL011_01	12	政策探索	暫定承認・非返還・入口一本化の統合フロー（様式統一＋アナログ選択）	0.62	注意層（非正規・単身・ケア併走・失職リスク）と境界層、窓口職員	政策疲労↓ 公平感↑ 対象外反発↓ 生活防衛↑ 制度信頼↑	LLM政策探索/構造持続あり	日本	副作用圧100と政策疲労70.7が高止まり。SNS不安で誤解と反発が増幅しやすい。	制度が増えるほど自分の番だけ複雑になり、間違える恐怖が増えている。	simplify	自治体	0.30	1	10	政策疲労↓ 公平感↑ 対象外反発↓ 生活防衛↑ 制度信頼↑	自治体間運用差の拡大、一次判定の誤振り分け、デジタル弱者の排除、不正・水増しへの疑念	施策追加より“同じ話が別窓口で繰り返される”摩擦を削り、悪化層の疲労と不信を先に止めるため。
PL011_02	12	政策探索	副作用公開の炎上抑制強化（要約→対話→月次＋公開粒度の段階化）	0.57	注意層（不安増幅・手続き疲れ）と対象外反発が強い層、窓口職員	不安増幅↓ 政策疲労↓ 制度信頼↑ 公平感↑ 申立て品質↑	LLM政策探索/構造持続あり	日本	副作用圧100と政策疲労70.7が高止まり。SNS不安で誤解と反発が増幅しやすい。	説明がいきなり公開で流れてくると責められている感じがして、余計に不安になる。	sequence	スマホ通知	0.14	1	8	不安増幅↓ 政策疲労↓ 制度信頼↑ 公平感↑ 申立て品質↑	監視強化に見える強制感、情報過多の再燃、公開情報の切り取り炎上、改善遅延による失望	副作用圧が最大のため、公開の仕方を誤るとSNS不安で二極化が進む。順序と粒度で“燃えにくさ”を先に設計する。
PL012_01	13	政策探索	境界救済の運用統一＋不正対策の可視化	0.60	境界層（対象外になりやすい周辺層）と参加不規則層、自治体職員	対象外反発↓ 公平感↑ 制度信頼↑ 政策疲労↓	LLM政策探索/構造持続あり	日本	副作用圧100と政策疲労72が臨界。境界層の対象外反発がSNS不安を増幅。	困った時にルールが自治体で変わり、説明も曖昧で置いていかれる感じがする。	amend	自治体	0.20	1	10	対象外反発↓ 公平感↑ 制度信頼↑ 政策疲労↓	不正・水増し認知、自治体間運用差、基準の不透明化、政策疲労	SNS不安増幅下では『ズルい/恣意的』認知が最大の炎上燃料。救済を維持しつつ運用差と不正不安を先に潰す。
PL012_02	12	政策探索	副作用・申立ての先行対話→要約→月次の順序固定	0.55	注意層（不安増幅・手続き疲れ）と対象外反発が強い層、窓口職員	不安増幅↓ 政策疲労↓ 申立て品質↑ 制度信頼↑	LLM政策探索/構造持続あり	日本	副作用圧100と政策疲労72が臨界。境界層の対象外反発がSNS不安を増幅。	数字だけ出されても怖いので、何が起きていてどう直すかを先に話してほしい。	sequence	相談窓口	0.14	0	8	不安増幅↓ 政策疲労↓ 申立て品質↑ 制度信頼↑	監視強化に見える強制感、情報過多、切り取り炎上、現場負荷	公開を急ぐほど炎上し、疲労と不信が増える局面。公開前に『対話で解釈を揃える』順序を固定して副作用圧を下げる。
PL013_01	14	政策探索	統合フロー誤振分け救済＋代行強化	0.58	注意層（手続き疲れ・情報過敏）/境界層/デジタル弱者/窓口職員	政策疲労↓ 対象外感↓ 公平感↑ 制度信頼↑ 生活防衛↑	LLM政策探索/構造持続あり	日本	SNS不安増幅下で副作用圧が限界、説明と運用差が炎上し政策疲労と対象外反発が固定化	どの制度も手続きが怖くて、間違えたら終わりだと思ってしまう	amend	自治体	0.24	1	10	政策疲労↓ 対象外感↓ 公平感↑ 制度信頼↑ 生活防衛↑	代行の取りこぼし、一次判定の誤振り分け、自治体間運用差、現場負荷の再増	副作用圧100と政策疲労72.6の局面では新規拡大より、誤振分けと運用差が生む不信を先に吸収して炎上燃料を減らす必要があるため
PL013_02	13	政策探索	副作用・申立ての超軽量『先行対話』常設	0.52	注意層（不安増幅・対象外反発）/申立て利用者/窓口職員/地域の支援者	不安増幅↓ 政策疲労↓ 申立て品質↑ 制度信頼↑ 対象外反発↓	LLM政策探索/構造持続あり	日本	SNS不安増幅下で副作用圧が限界、説明と運用差が炎上し政策疲労と対象外反発が固定化	ニュースやSNSで不安が増えるのに、公式の説明は遅くて遠い	sequence	相談窓口	0.16	0	8	不安増幅↓ 政策疲労↓ 申立て品質↑ 制度信頼↑ 対象外反発↓	監視強化に見える強制感、情報過多の再燃、切り取り炎上、回答遅延による失望	SNS不安増幅84.8の環境では公開や説明が拡散前に歪むため、月次公開の前段に『短い対話→要約』を固定し、疑念の初期火種を小さく消す順序が必要なため
PL014_01	15	政策探索	誤振分け救済＋代行ワンストップ強化（統合フロー補修）	0.60	注意層（手続き疲れ・情報過敏）/境界層/デジタル弱者/窓口職員	対象外感↓ 政策疲労↓ 公平感↑ 制度信頼↑ 生活防衛↑	LLM政策探索/構造持続あり	日本	副作用圧100と政策疲労76が臨界。追加より誤振分け救済と説明順序で不安連鎖を止める。	申請や説明が複雑で、少しつまずくと置き去りにされる感じがする。	amend	自治体	0.24	1	8	対象外感↓ 政策疲労↓ 公平感↑ 制度信頼↑ 生活防衛↑	代行の取りこぼし、自治体間運用差、現場負荷の再増、不正・水増し認知	平均ではなく『入口で落ちる層』の摩耗が主因。誤振分けの即時救済と代行で離脱を止める。
PL014_02	15	政策探索	副作用・申立ての超軽量『先行対話』→要約→月次公開の固定（切り取り耐性付き）	0.55	注意層（不安増幅・手続き疲れ）/対象外反発が強い層/申立て利用者/窓口職員	不安増幅↓ 政策疲労↓ 申立て品質↑ 制度信頼↑ 対象外反発↓	LLM政策探索/構造持続あり	日本	副作用圧100と政策疲労76が臨界。追加より誤振分け救済と説明順序で不安連鎖を止める。	毎月の情報が怖くて追えないから、先に相談できて要点だけ知りたい。	sequence	相談窓口	0.16	1	8	不安増幅↓ 政策疲労↓ 申立て品質↑ 制度信頼↑ 対象外反発↓	監視強化に見える強制感、情報過多の再燃、切り取り炎上、回答遅延による失望	SNS不安増幅が高く、公開が燃料化しやすい局面。公開前に対話で誤解と怒りを減衰させ、月次は要点中心にする。
PL015_01	16	政策探索	副作用監査・異議申立ての一体化（非強制・要点返信）	0.62	注意層（手続き疲れ・不安増幅）/境界層/対象外反発が強い層/窓口職員	政策疲労↓ 制度信頼↑ 公平感↑ 不安増幅↓ 申立て品質↑	LLM政策探索/構造持続あり	日本	副作用懸念が最大化し、手続き疲れと公平感欠損が政策疲労を固定化している	制度は増えるのに、困った時に誰もちゃんと聞いてくれない感じがする。	amend	相談窓口	0.22	1	10	政策疲労↓ 制度信頼↑ 公平感↑ 不安増幅↓ 申立て品質↑	監視強化に見える強制感、情報過多の再燃、回答遅延による失望、切り取り炎上	副作用圧が100で、追加施策より『言い分が届く・要点で返る』回路の整備が先。説明と申立てを分断せず、既存フローの負荷を下げて信頼を回復するため。
PL015_02	17	政策探索	社会維持活動の小口nat報酬（ケア・地域維持の可視化）	0.52	ケア併走層/参加不規則層/単身・非正規の生活防衛弱い層/地域の支援者	生活防衛↑ 公平感↑ 希望不足↓ 制度信頼↑ 二極化↓	LLM政策探索/構造持続あり	日本	副作用懸念が最大化し、手続き疲れと公平感欠損が政策疲労を固定化している	頑張っても生活が守られず、社会に必要とされている実感が薄い。	add	地域	0.28	2	8	生活防衛↑ 公平感↑ 希望不足↓ 制度信頼↑ 二極化↓	『働け』圧としての誤読、対象外感（参加できない層の反発）、不正・水増し認知、現場（認定側）負荷の増加	財政圧が強く現金給付の拡大は難しい一方、生活防衛が低い。『社会維持の役割』を小規模に報酬化して、役割と尊厳の回復から分断と反発を弱める補完策として投入するため。
PL016_01	17	政策探索	全国最小仕様の統合フロー＋自治体差の見える化	0.62	注意層（手続き疲れ）/境界層/デジタル弱者/窓口職員	政策疲労↓ 公平感↑ 対象外感↓ 制度信頼↑ 生活防衛↑	LLM政策探索/構造持続あり	日本	副作用懸念が飽和し、手続き疲れと自治体差が公平感を削って制度不信が固定化しつつある	手続きが地域で違いすぎて、頑張っても報われない感じがする	simplify	自治体	0.32	1	8	政策疲労↓ 公平感↑ 対象外感↓ 制度信頼↑ 生活防衛↑	画一化による取りこぼし、監視強化に見える強制感、現場負荷の再増、不正・水増し認知の再燃	副作用圧が最大の局面で、自治体差と誤振分けが『ズルい/不公平』に直結し政策疲労を増幅しているため、追加施策より運用差の縮小を優先する
PL016_02	16	政策探索	申立て一体化の要点返信SLA＋遅延の非強制説明	0.52	申立て利用者/注意層（不安増幅）/対象外反発が強い層/窓口職員	不安増幅↓ 政策疲労↓ 制度信頼↑ 申立て品質↑ 対象外反発↓	LLM政策探索/構造持続あり	日本	副作用懸念が飽和し、手続き疲れと自治体差が公平感を削って制度不信が固定化しつつある	申立てしても返事が遅いと、最初から無理だと思って黙るしかなくなる	amend	相談窓口	0.18	0	6	不安増幅↓ 政策疲労↓ 制度信頼↑ 申立て品質↑ 対象外反発↓	返信の定型化による不信、公開情報の切り取り炎上、現場のボトルネック固定化、『結局放置』認知の再燃	副作用監査・申立てを一体化しても、回答遅延が続くと失望が最大化し逆効果になりやすいので、返答の最低保証と遅延理由の非強制説明で失望ループを断つ
PL017_01	18	政策探索	申立て一体化の『要点返信＋次の一手』二層説明	0.62	注意層（手続き疲れ・不安増幅）/対象外反発が強い層/申立て利用者/窓口職員	政策疲労↓ 不安増幅↓ 制度信頼↑ 公平感↑ 申立て品質↑	LLM政策探索/構造持続あり	日本	副作用圧100と政策疲労75.5が臨界。増やすより、説明・申立て・対象条件の歪みを整えないと反発が固定化。	制度が何をしてくれるかより、結局自分は対象外で放置される気がして疲れている。	explain	自治体	0.12	1	8	政策疲労↓ 不安増幅↓ 制度信頼↑ 公平感↑ 申立て品質↑	定型文だと感じる不信、情報過多の再燃、回答遅延による失望、切り取り炎上	副作用圧が最大で、追加より『理解と次行動の迷子』を解消するのが最短。詳細は任意（押し付けない）で強制感も抑える。
PL017_02	18	政策探索	社会維持nat報酬の『参加困難者救済枠』追加（非強制）	0.58	参加できない層（病気・障害・重いケア・孤立）/ケア併走層/単身・非正規の生活防衛弱い層	対象外感↓ 公平感↑ 二極化↓ 生活防衛↑ 制度信頼↑	LLM政策探索/構造持続あり	日本	副作用圧100と政策疲労75.5が臨界。増やすより、説明・申立て・対象条件の歪みを整えないと反発が固定化。	動けない事情があるときに『何もしてない側』にされるのが一番きつい。	amend	相談窓口	0.18	1	8	対象外感↓ 公平感↑ 二極化↓ 生活防衛↑ 制度信頼↑	『働け』圧としての誤読、不正・水増し認知、認定側負荷の増加、政策疲労の再増	報酬化は希望と生活防衛に効く一方、参加不能者の反発で二極化しやすい。対象条件を補正し、非強制の自己申告＋後追い監査に寄せて副作用を抑える。
PL018_01	19	政策探索	申立て二層返信の先行固定＋通知間引き	0.60	注意層（不安増幅・手続き疲れ）/申立て利用者/窓口職員	政策疲労↓ 不安増幅↓ 制度信頼↑ 申立て品質↑ 公平感↑	LLM政策探索/構造持続あり	日本	政策疲労と副作用圧が限界。説明過多と対象外感が公平感を毀損。	制度の情報が多すぎて、結局どこに相談すればいいのか分からない。	sequence	自治体	0.12	1	8	政策疲労↓ 不安増幅↓ 制度信頼↑ 申立て品質↑ 公平感↑	定型文不信、情報過多の再燃、回答遅延による失望、切り取り炎上	副作用圧100%で『増やすほど疲れる』局面のため、順序と情報量を先に制御して離脱を止める。
PL018_02	19	政策探索	社会維持nat報酬の参加困難者救済枠（自動・非強制）	0.55	参加できない層（病気・障害・重いケア・孤立）/単身・非正規の生活防衛弱い層/ケア併走層	対象外感↓ 公平感↑ 二極化↓ 生活防衛↑ 制度信頼↑	LLM政策探索/構造持続あり	日本	政策疲労と副作用圧が限界。説明過多と対象外感が公平感を毀損。	頑張りたくても参加できない時に、見捨てられている感じが一番きつい。	amend	相談窓口	0.18	1	8	対象外感↓ 公平感↑ 二極化↓ 生活防衛↑ 制度信頼↑	『働け』圧としての誤読、不正・水増し認知、認定側負荷の増加、政策疲労の再増	小口報酬は有効だが、参加不能層の反発が二極化と不信を増幅しうるため、先に救済枠で公平感を補強する。
PL019_01	20	政策探索	通知・手続きの一本化ダイジェスト（既存施策の間引き統合）	0.50	注意層（手続き疲れ・不安増幅）/申立て利用者/デジタル弱者/窓口職員	政策疲労↓ 不安増幅↓ 手続き負荷↓ 制度信頼↑ 公平感↑	LLM政策探索/構造持続あり	日本	政策疲労と副作用圧が極大。通知・手続き過多と対象外感が不信を増幅し、財政圧力下で分断が進行。	結局何をすればいいのか通知が多すぎて、やる前に諦めたくなる。	simplify	スマホ通知	0.10	1	8	政策疲労↓ 不安増幅↓ 手続き負荷↓ 制度信頼↑ 公平感↑	重要連絡の見落とし、自治体差による運用品質のばらつき、定型化への反発	政策疲労80.8と情報過多が先にボトルネック化しており、新規施策追加より『受け取り負荷』を先に下げないと副作用が累積するため。
PL019_02	20	政策探索	副作用・異議申立の独立ミニ監査＋財源・判断基準の非強制要約	0.55	対象外反発が強い層/注意層（不信・不安増幅）/申立て利用者/窓口職員	副作用圧↓ 公平感↑ 制度信頼↑ 対象外反発↓ 財政不安↓	LLM政策探索/構造持続あり	日本	政策疲労と副作用圧が極大。通知・手続き過多と対象外感が不信を増幅し、財政圧力下で分断が進行。	どうして自分が対象外なのかと、どこに不満を出せるのかが分からない。	amend	自治体	0.18	1	8	副作用圧↓ 公平感↑ 制度信頼↑ 対象外反発↓ 財政不安↓	監視強化に見える強制感、公開要約の切り取り炎上、回答遅延による失望	side_effect_pressureが100.0で、既存の二層返信だけでは『納得の根拠』が不足しやすい。財政圧力80.7の局面では、基準と財源の要点を短く示し、独立レビューで不信を抑える必要があるため。
PL020_01	21	政策探索	申立て・監査要約をダイジェスト同梱（1画面化）	0.58	注意層（不安増幅・手続き疲れ）/対象外反発が強い層/申立て利用者/窓口職員	政策疲労↓ 不安増幅↓ 公平感↑ 制度信頼↑ 対象外反発↓	LLM政策探索/構造持続あり	日本	副作用圧が最大で政策疲労も高止まり。SNS不安増幅下で手続き・説明負荷が信頼を削る。	制度の話が多すぎて、結局どれが自分に関係あるのか分からず不安だけ増える。	sequence	スマホ通知/自治体	0.14	1	8	政策疲労↓ 不安増幅↓ 公平感↑ 制度信頼↑ 対象外反発↓	重要連絡の見落とし、定型化への反発、公開要約の切り取り炎上、情報過多の再燃	副作用圧100で『説明不足/不透明』が燃料化しているため、通知一本化に監査・判断基準・財源要約を同梱し、探させない順序に変える。
PL020_02	21	政策探索	社会維持nat報酬の参加困難者枠を“自動優先”へ（非強制・異議申立直結）	0.52	参加できない層（病気・障害・重いケア・孤立）/単身・非正規の生活防衛弱い層/ケア併走層	対象外感↓ 公平感↑ 二極化↓ 生活防衛↑ 制度信頼↑ 政策疲労↓	LLM政策探索/構造持続あり	日本	副作用圧が最大で政策疲労も高止まり。SNS不安増幅下で手続き・説明負荷が信頼を削る。	頑張れない事情があるだけで置いていかれる感じがして、制度を見るほど疲れる。	amend	相談窓口/自治体	0.22	1	8	対象外感↓ 公平感↑ 二極化↓ 生活防衛↑ 制度信頼↑ 政策疲労↓	不正・水増し認知、認定側負荷の増加、『働け』圧としての誤読、逆に対象外反発が再燃	公平感欠損と政策疲労の主因が『参加できないのに評価される社会』の誤読なので、救済枠を前面に出し、申立てと直結して“外されない設計”を先に固める。
PL021_01	21	政策探索	社会維持nat報酬の新規拡張を一時停止（運用負荷凍結）	0.42	注意層（不信・疲労）/窓口職員/対象外反発が強い層	政策疲労↓ 現場負荷↓ 不正・水増し認知↓ 副作用圧↓	LLM政策探索/構造持続あり	日本	副作用圧94と政策疲労74が突出。追加より「減らす/まとめる/異議導線」を強化し不信の増幅を止める。	新しい制度が増えるほど追いつけず、結局だれが得しているのか分からない。	pause	自治体	0.00	0	4	政策疲労↓ 現場負荷↓ 不正・水増し認知↓ 副作用圧↓	生活防衛の穴、支援打ち切り誤解、『やっぱり撤回』不信	財政圧力79と副作用圧94の局面で、拡張は二極化と炎上を増やしやすい。まず運用を守り、異議導線を確実化する。
PL021_02	22	政策探索	異議申立・監査ダイジェストを最上段固定（1画面・次の一手付）	0.60	注意層（不安増幅・手続き疲れ）/対象外反発が強い層/申立て利用者	政策疲労↓ 不安増幅↓ 公平感↑ 制度信頼↑ 対象外反発↓	LLM政策探索/構造持続あり	日本	副作用圧94と政策疲労74が突出。追加より「減らす/まとめる/異議導線」を強化し不信の増幅を止める。	困った時にどこに言えばいいかが最初に見えれば、少しは安心して手続きを続けられる。	sequence	スマホ通知	0.16	1	8	政策疲労↓ 不安増幅↓ 公平感↑ 制度信頼↑ 対象外反発↓	重要連絡の見落とし、定型化への反発、切り取り炎上、情報過多の再燃	注意層88.6%で『増えた施策』より『納得できる出口』が不足。異議→要点返信→次の一手を先に見せ、通知間引きと整合させて疲労を下げる。
PL022_01	23	政策探索	副作用監査の「根拠カード」化＋反証導線	0.60	注意層（不信・不安増幅）/対象外反発が強い層/申立て利用者/窓口職員	副作用圧↓ 公平感↑ 制度信頼↑ 対象外反発↓ 政策疲労↓	LLM政策探索/構造持続あり	日本	副作用圧100と政策疲労73が最優先。給付拡大より、根拠提示・異議申立・条件調整で反発と不信を止血。	制度が自分を落とす理由が見えず、直せる道もなく、ただ不安だけが積み上がっている。	amend	スマホ通知	0.18	1	8	副作用圧↓ 公平感↑ 制度信頼↑ 対象外反発↓ 政策疲労↓	切り取り炎上、定型化不信、現場ボトルネック固定、監視強化に見える強制感	副作用圧が天井で、何を根拠にどう直すかが見えない不信が疲労と反発を増幅。短文の根拠提示と反証ルートを最短で整える。
PL022_02	24	政策探索	既存制度の対象条件を「参加可否」から「生活防衛リスク」基準へ再整理	0.55	境界層/単身・非正規の生活防衛弱い層/参加困難者（病気・障害・重いケア・孤立）/対象外反発が強い層	対象外感↓ 公平感↑ 二極化↓ 生活防衛↑ 政策疲労↓	LLM政策探索/構造持続あり	日本	副作用圧100と政策疲労73が最優先。給付拡大より、根拠提示・異議申立・条件調整で反発と不信を止血。	頑張れるかどうかで裁かれる感じがつらく、生活が崩れそうかどうかで見てほしい。	simplify	自治体	0.22	2	10	対象外感↓ 公平感↑ 二極化↓ 生活防衛↑ 政策疲労↓	水増し・不正認知、線引き不満の再燃、説明コスト増、現場負荷の再増	財政圧力が高い局面で拡大は逆効果になりやすい一方、現状は線引きが「働け圧/参加圧」に見え反発を生む。基準を生活防衛リスクへ寄せ、対象外反発と二極化を同時に抑える。
PL023_01	24	政策探索	通知・手続きの「重要度3段＋週次まとめ」標準化	0.62	注意層（手続き疲れ・不安増幅）/デジタル弱者/申立て利用者/窓口職員	政策疲労↓ 不安増幅↓ 情報過多↓ 制度信頼↑	LLM政策探索/構造持続あり	日本	副作用圧が限界域で、説明・監査は進んだが政策疲労と不安増幅が残存。	大事かどうか分からない通知が多く、結局なにも信じられない感じがする。	simplify	スマホ通知	0.14	1	8	政策疲労↓ 不安増幅↓ 情報過多↓ 制度信頼↑	重要連絡の見落とし、定型化不信、自治体運用差	SNS不安増幅下で“通知の多さ自体”が副作用化しており、施策追加より受け取り負荷の削減が先。
PL023_02	24	政策探索	参加困難者枠の「自己申告＋軽量反証」化（根拠カード直結）	0.58	参加困難者（病気・障害・重いケア・孤立）/対象外反発が強い層/窓口職員	対象外感↓ 公平感↑ 二極化↓ 副作用圧↓ 制度信頼↑ 政策疲労↓	LLM政策探索/構造持続あり	日本	副作用圧が限界域で、説明・監査は進んだが政策疲労と不安増幅が残存。	助けが必要でも手続きで削られる気がして、申請する前に諦めてしまう。	amend	自治体	0.22	1	8	対象外感↓ 公平感↑ 二極化↓ 副作用圧↓ 制度信頼↑ 政策疲労↓	不正・水増し認知、認定側ボトルネック、『働け』圧の誤読	救済枠は方向性が良いが、認定負荷と不正疑念が副作用圧を押し上げるため、入口を軽くし反証導線で担保する。
PL024_01	25	政策探索	根拠カード＋申立て導線の最上段統一（週次まとめ同梱）	0.62	注意層（不安増幅・手続き疲れ）/対象外反発層/申立て利用者	政策疲労↓ 不安増幅↓ 公平感↑ 制度信頼↑ 対象外反発↓	LLM政策探索/構造持続あり	日本	副作用圧が極大で不信と政策疲労が臨界。説明と運用差縮小で鎮静化が先。	制度の理由が見えず、SNSの断片情報のほうが真実に見えてしまう。	sequence	スマホ通知	0.16	1	8	政策疲労↓ 不安増幅↓ 公平感↑ 制度信頼↑ 対象外反発↓	重要連絡の見落とし、切り取り炎上、情報過多の再燃、定型化不信	副作用圧100.0の局面では給付拡張より、根拠と反証の即時提示で不信連鎖を止める必要があるため。
PL024_02	26	政策探索	生活防衛リスク基準への再整理の運用ミニマム共通化（自治体差縮小）	0.58	境界層/単身・非正規の生活防衛弱い層/窓口職員/デジタル弱者	対象外感↓ 公平感↑ 二極化↓ 手続き負荷↓ 政策疲労↓ 制度信頼↑	LLM政策探索/構造持続あり	日本	副作用圧が極大で不信と政策疲労が臨界。説明と運用差縮小で鎮静化が先。	住む自治体で当たり外れがあると感じ、努力しても報われない気分になる。	simplify	自治体	0.22	2	10	対象外感↓ 公平感↑ 二極化↓ 手続き負荷↓ 政策疲労↓ 制度信頼↑	線引き不満の再燃、水増し・不正認知、説明コスト増、現場ボトルネック化	公平感欠損58.2と現場負荷が高い中、自治体ごとの運用差が不信と疲労を増幅しやすいため、既存施策の対象条件を同じ読みで動く形に寄せる。
PL025_01	26	政策探索	根拠カード誤読防止の非強制説明パック	0.60	注意層（不安増幅・手続き疲れ）/対象外反発層/申立て利用者	不安増幅↓ 政策疲労↓ 制度信頼↑ 公平感↑ 対象外反発↓	LLM政策探索/構造持続あり	日本	副作用圧が飽和し、手続き疲れと公平感欠損がSNS不安で増幅。拡大より誤読防止と運用摩擦低減が急務。	制度は増えるのに自分は対象か分からず、SNSで怖い話だけ回って将来の見通しが立たない。	explain	スマホ通知	0.08	1	8	不安増幅↓ 政策疲労↓ 制度信頼↑ 公平感↑ 対象外反発↓	切り取り炎上、情報過多の再燃、監視強化に見える強制感	副作用圧100.0の局面では、内容の良し悪し以前に『誤読・不信・炎上』が支配的。最小コストで誤解を減らし、申立て導線の安心感を先に作る。
PL025_02	26	政策探索	生活防衛リスク基準の自己申告スコア＋後追い監査（軽量反証）	0.55	境界層/単身・非正規の生活防衛弱い層/参加困難者（病気・障害・重いケア・孤立）/窓口職員	生活防衛↑ 対象外感↓ 二極化↓ 政策疲労↓ 副作用圧↓ 制度信頼↑	LLM政策探索/構造持続あり	日本	副作用圧が飽和し、手続き疲れと公平感欠損がSNS不安で増幅。拡大より誤読防止と運用摩擦低減が急務。	働けるかどうかより、家賃や生活が持つかが不安で、申請が面倒だと諦めてしまう。	simplify	自治体	0.22	1	10	生活防衛↑ 対象外感↓ 二極化↓ 政策疲労↓ 副作用圧↓ 制度信頼↑	不正・水増し認知、線引き不満の再燃、現場ボトルネックの固定	財政圧83.1・政策余力21.5の下で拡大は逆効果になりやすい。『自己申告→軽量反証→ランダム後追い監査』で、救済速度と納得可能性を両立し、窓口負荷と不正認知を抑える。
PL026_01	27	政策探索	自己申告スコアの根拠公開＋境界層の異議申立ワンセット	0.60	境界層/対象外反発が強い層/申立て利用者/窓口職員	副作用圧↓ 公平感↑ 制度信頼↑ 対象外反発↓ 政策疲労↓	LLM政策探索/構造持続あり	日本	副作用圧100と政策疲労75.7が最優先。基準変更は進んだがSNS不安下で誤読・不正認知が再燃しやすい。	基準が見えず、落ちた理由も直し方も分からないのに叩かれる空気だけが強い。	amend	自治体	0.20	1	10	副作用圧↓ 公平感↑ 制度信頼↑ 対象外反発↓ 政策疲労↓	不正・水増し認知の逆噴射、基準公開の切り取り炎上、現場ボトルネック固定、線引き不満の再燃	生活防衛リスク基準への移行局面は『恣意的』に見えやすい。根拠と反証導線を同時に出し、誤読と不信の増幅を止める。
PL026_02	26	政策探索	拡張停止を維持しつつ『穴の見える化』と補完導線を先出し	0.50	注意層（不信・疲労）/生活防衛が弱い単身・非正規/窓口職員	政策疲労↓ 不安増幅↓ 制度信頼↑ 生活防衛↑（取りこぼし減）	LLM政策探索/構造持続あり	日本	副作用圧100と政策疲労75.7が最優先。基準変更は進んだがSNS不安下で誤読・不正認知が再燃しやすい。	止めるなら止めるでいいけど、その間に誰が落ちるのかと、助けの入口だけは見せてほしい。	sequence	スマホ通知	0.12	0	6	政策疲労↓ 不安増幅↓ 制度信頼↑ 生活防衛↑（取りこぼし減）	『撤回』誤解の再燃、情報過多の再燃、補完導線の混雑・待ち時間増、対象外反発の再点火	拡張停止は疲労と副作用には効くが、支援の穴がSNSで増幅されやすい。停止理由・期限・穴の救済ルートを同じ画面で先に固定する。
PL027_01	28	政策探索	基準公開の切り取り耐性パック（非強制・反証付き）	0.62	注意層（不安増幅・手続き疲れ）/対象外反発層/境界層	不安増幅↓ 政策疲労↓ 公平感↑ 制度信頼↑ 副作用圧↓	LLM政策探索/構造持続あり	日本	副作用圧が極大のまま、基準公開が切り取り炎上→不信と疲労が固定化。	SNSで『また条件が変わった、どうせ自分は対象外』が回っていて何を信じていいか分からない。	explain	スマホ通知	0.14	1	6	不安増幅↓ 政策疲労↓ 公平感↑ 制度信頼↑ 副作用圧↓	情報過多の再燃、基準の断片拡散（炎上）、監視強化に見える強制感	SNS不安増幅が高く、基準公開の誤読が副作用圧100を固定しているため、反証導線と“強制しない説明”で先に鎮火させる。
PL027_02	28	政策探索	申立・監査の負荷分散（境界層の先行救済スロット化）	0.58	申立て利用者/境界層/窓口職員/デジタル弱者	現場ボトルネック↓ 待ち時間↓ 政策疲労↓ 対象外反発↓ 生活防衛↑ 制度信頼↑	LLM政策探索/構造持続あり	日本	副作用圧が極大のまま、基準公開が切り取り炎上→不信と疲労が固定化。	困っても窓口が混んでいて詰む気がして、申請する前に諦めてしまう。	simplify	自治体	0.22	1	8	現場ボトルネック↓ 待ち時間↓ 政策疲労↓ 対象外反発↓ 生活防衛↑ 制度信頼↑	先行救済への不公平感、不正・水増し認知、窓口の形骸化（押し戻し）	申立・監査の集中が“手続き地獄”として疲労を増幅するため、境界層を優先して短時間で暫定保護→後追い精査の順にして離脱と炎上を止める。
PL028_01	29	政策探索	先行救済スロットの配分ルール公開＋軽量反証セット	0.62	境界層/申立て利用者/対象外反発層/窓口職員/デジタル弱者	待ち時間↓ 副作用圧↓ 公平感↑ 制度信頼↑ 政策疲労↓ 生活防衛↑	LLM政策探索/構造持続あり	日本	副作用圧が極大で不安増幅と政策疲労が固定化、境界層の不公平感が再点火しやすい	頑張っても線引きで外される不安が強く、手続きも情報も多すぎて諦めが先に来る	amend	自治体	0.22	1	8	待ち時間↓ 副作用圧↓ 公平感↑ 制度信頼↑ 政策疲労↓ 生活防衛↑	先行救済への不公平感、不正・水増し認知、現場ボトルネック固定、切り取り炎上	副作用圧100.0・政策疲労78.0の局面では新施策追加より、申立て導線の『不公平に見える』点を先に塞いで炎上と疲労の再増幅を止める必要がある
PL028_02	30	政策探索	社会維持活動nat報酬×ケア・学び直し束ね直し（地域パイロット）	0.54	生活防衛が弱い単身・非正規/若年の雇用不安層/家族形成の前に詰まるケア負担層/孤立リスク層	生活防衛↑ 未来経路↑ 二極化↓ 制度信頼↑ 希望不足↓ 政策疲労↓	LLM政策探索/構造持続あり	日本	副作用圧が極大で不安増幅と政策疲労が固定化、境界層の不公平感が再点火しやすい	仕事も先も不安で、学び直しやケアをしても報われない感覚が強く、地域に残る理由が見えない	add	地域	0.35	2	10	生活防衛↑ 未来経路↑ 二極化↓ 制度信頼↑ 希望不足↓ 政策疲労↓	参加できない層の対象外感、現場負荷の偏り、不正・水増し認知、強制感の誤読	雇用不安83.8と財政圧85.6下では現金給付拡大より、地域維持・ケア・学び直しを『役割と報酬』で再設計し、若年の将来経路と生活防衛を同時に支える方が副作用と疲労を抑えやすい
PL029_01	30	政策探索	基準・反証・申立の三点セットを週次まとめ最上段に統合	0.60	注意層（不安増幅・手続き疲れ）/境界層/対象外反発層/デジタル弱者	政策疲労↓ 不安増幅↓ 情報過多↓ 公平感↑ 制度信頼↑ 対象外反発↓	LLM政策探索/構造持続あり	日本	不安増幅下で副作用圧が飽和し、基準公開・救済の正当性説明が追いつかず政策疲労が固定化。	制度の話が多すぎて、何を見れば自分が守られるのか分からず不安だけが増える。	sequence	スマホ通知	0.16	1	8	政策疲労↓ 不安増幅↓ 情報過多↓ 公平感↑ 制度信頼↑ 対象外反発↓	重要連絡の見落とし、定型化不信、切り取り炎上、情報過多の再燃	施策追加よりも、既存の基準公開・軽量反証・申立導線を一つの最短経路に束ねて『理解コスト』を先に下げないと副作用圧が下がらないため。
PL029_02	30	政策探索	副作用監査＋是正ログの月次公開（非強制・異議申立連動）	0.55	注意層/境界層/対象外反発層/申立て利用者/窓口職員	副作用圧↓ 公平感↑ 制度信頼↑ 政策疲労↓（『直している』可視化）	LLM政策探索/構造持続あり	日本	不安増幅下で副作用圧が飽和し、基準公開・救済の正当性説明が追いつかず政策疲労が固定化。	失敗しても直る仕組みが見えないと、制度は怖くて頼れない。	add	自治体	0.22	1	8	副作用圧↓ 公平感↑ 制度信頼↑ 政策疲労↓（『直している』可視化）	監視強化に見える強制感、現場負荷の再増、不正・水増し認知の逆噴射、基準断片の炎上	副作用圧100%の局面では、給付設計そのものより『誤作動を認めて直す仕組み』の可視化が分断・不信・疲労の上限を下げるため。
PL030_01	31	政策探索	最上段週次まとめの重要度フィルタ＋個別化ダイジェスト	0.52	注意層（不安増幅・手続き疲れ）/境界層/デジタル弱者/対象外反発層	政策疲労↓ 情報過多↓ 不安増幅↓ 見落とし↓ 制度信頼↑ 公平感↑	LLM政策探索/構造持続あり	日本	副作用圧が極大で政策疲労も高い。新規拡大より情報負荷の減衰と参加不能層の穴埋めが先。	通知が多すぎて何が大事か分からず、制度は結局自分には関係ない気がしてくる。	sequence	スマホ通知	0.12	1	8	政策疲労↓ 情報過多↓ 不安増幅↓ 見落とし↓ 制度信頼↑ 公平感↑	重要連絡の見落とし、定型化不信、切り取り炎上、個別化への監視誤読	SNS不安増幅92.0と政策疲労79.0が同時に高く、情報量そのものが副作用化しているため、内容追加ではなく到達設計を先に直す。
PL030_02	32	政策探索	社会維持活動nat報酬パイロットの参加不能層補完（代替クレジット＋免除明確化）	0.58	参加困難者（病気・障害・重いケア・孤立）/単身・非正規の生活防衛弱い層/対象外反発層	対象外感↓ 二極化↓ 生活防衛↑ 制度信頼↑ 政策疲労↓ ケア負担↓	LLM政策探索/構造持続あり	日本	副作用圧が極大で政策疲労も高い。新規拡大より情報負荷の減衰と参加不能層の穴埋めが先。	頑張れない事情があると切り捨てられる気がして、参加の話自体が怖い。	amend	自治体	0.28	2	10	対象外感↓ 二極化↓ 生活防衛↑ 制度信頼↑ 政策疲労↓ ケア負担↓	不正・水増し認知、免除の線引き不満、現場負荷の偏り、強制感の誤読	新規の役割・報酬設計は有効だが、参加できない層が出ると副作用圧100.0が再燃するため、『免除と代替』を先に実装して二極化を抑える。
PL031_01	32	政策探索	社会維持nat報酬の参加困難者ルート（代替貢献/免除）	0.62	病気・障害・重いケア・孤立で参加困難な層／境界層／対象外反発が強い層	対象外感↓ 二極化↓ 公平感↑ 政策疲労↓ 生活防衛↑ 制度信頼↑	LLM政策探索/構造持続あり	日本	SNS不安増幅下で副作用圧100・政策疲労82。新規拡大より“参加できない層”の対象外感と監視誤読を先に潰す局面。	頑張れない事情があると制度から切り捨てられる気がして、将来設計が止まる。	amend	自治体	0.28	1	10	対象外感↓ 二極化↓ 公平感↑ 政策疲労↓ 生活防衛↑ 制度信頼↑	代替ルートの不公平感、不正・水増し認知、強制感の誤読、現場ボトルネック	直近の副作用圧が最大で、地域パイロット（nat報酬）が“参加できない層”を生むと炎上と政策疲労が加速するため、拡大前に免除・代替の正当化を組み込む。
PL031_02	32	政策探索	監査・申立の“月次公開”を要点先出し＋現場負荷キャップ	0.50	注意層（不安増幅・手続き疲れ）／申立て利用者／窓口職員／デジタル弱者	情報過多↓ 政策疲労↓ 不安増幅↓ 制度信頼↑ 副作用圧↓（『直している』の理解↑）	LLM政策探索/構造持続あり	日本	SNS不安増幅下で副作用圧100・政策疲労82。新規拡大より“参加できない層”の対象外感と監視誤読を先に潰す局面。	情報が多すぎて結局何が変わったのか分からず、不安だけが増える。	sequence	スマホ通知	0.20	1	8	情報過多↓ 政策疲労↓ 不安増幅↓ 制度信頼↑ 副作用圧↓（『直している』の理解↑）	重要点の見落とし、監視強化に見える誤読、切り取り炎上、現場負荷の再増	政策疲労が高止まりしており、公開の厚みが“情報過多→不安増幅”を再点火しやすい。先に要点（何を直し、どう申立できるか）を最短で届け、運用負荷を上限管理して信頼の回復を優先する。
PL032_01	33	政策探索	対外発信の一本化（週次1通＋月次要点のみ）	0.62	注意層（不安増幅・手続き疲れ）／境界層／対象外反発層／デジタル弱者	政策疲労↓ 情報過多↓ 不安増幅↓ 制度信頼↑ 公平感↑	LLM政策探索/構造持続あり	日本	副作用圧が最大化し、公平感欠損と政策疲労がSNS不安で増幅。追加より整理・負荷制御が先。	通知が多すぎて何が大事か分からず、結局どれも信じられない。	sequence	スマホ通知	0.18	1	10	政策疲労↓ 情報過多↓ 不安増幅↓ 制度信頼↑ 公平感↑	重要連絡の見落とし、切り取り炎上、監視強化に見える誤読	政策疲労77.0と情報過多43.9が高く、説明増量は逆効果になりやすい。発信頻度と粒度を固定して『見れば足りる』状態を先に作る。
PL032_02	34	政策探索	申立・補完導線のワンフォーム化（3分・1画面）	0.58	境界層／参加困難者（病気・障害・重いケア）／窓口職員／デジタル弱者	待ち時間↓ 取りこぼし↓ 対象外感↓ 政策疲労↓ 制度信頼↑	LLM政策探索/構造持続あり	日本	副作用圧が最大化し、公平感欠損と政策疲労がSNS不安で増幅。追加より整理・負荷制御が先。	困った時ほど手続きが重くて、助けを求める気力が削られる。	simplify	相談窓口	0.22	2	12	待ち時間↓ 取りこぼし↓ 対象外感↓ 政策疲労↓ 制度信頼↑	不正・水増し認知、先行救済への不公平感、窓口ボトルネック再発	副作用圧100.0は『制度の穴』より『手続き摩耗』で増えやすい。参加不能層補完や先行救済の実効性を、入力負荷と窓口負荷の同時削減で担保する。
PL033_01	33	政策探索	新規拡大型の一時停止＋副作用レビュー優先	0.45	注意層（手続き疲れ）/境界層/窓口職員/対象外反発層	政策疲労↓ 副作用圧↓ 制度信頼↑（『直す順番』の納得↑）	LLM政策探索/構造持続あり	日本	不安増幅下で副作用圧100・政策疲労高止まり。拡大より負荷上限と救済導線の統合が先。	また制度が増えるだけで、自分は手続きに飲まれて置き去りになる気がする。	pause	自治体	0.12	0	6	政策疲労↓ 副作用圧↓ 制度信頼↑（『直す順番』の納得↑）	先送り不信、支援打ち切り誤認、切り取り炎上	緩衝余力15.2・財政圧85.7で追加は反発と疲労を増やしやすい。まず『増やさず直す』を明示し副作用処理能力を確保する。
PL033_02	34	政策探索	救済ワンストップ（申立・先行救済・反証）＋現場負荷キャップ強化	0.62	境界層/申立て利用者/デジタル弱者/窓口職員/対象外反発層	副作用圧↓ 政策疲労↓ 公平感↑ 対象外反発↓ 生活防衛↑ 制度信頼↑	LLM政策探索/構造持続あり	日本	不安増幅下で副作用圧100・政策疲労高止まり。拡大より負荷上限と救済導線の統合が先。	困ったときの入口が多すぎて、どこに行っても『違う』と言われる怖さがある。	simplify	相談窓口	0.46	1	10	副作用圧↓ 政策疲労↓ 公平感↑ 対象外反発↓ 生活防衛↑ 制度信頼↑	不正・水増し認知、先行救済への不公平感、現場ボトルネック固定、監視強化に見える誤読	副作用圧100の主因は『線引き×申立×待ち×情報断片』の摩擦。入口を一本化し、先行救済の配分・反証・異議申立を同じ画面/同じ窓口で完結させ、処理量の上限を制度側で宣言して疲労と炎上の燃料を減らす。
PL034_01	35	政策探索	非強制・副作用先出しの3点説明（目的/対象/できない時）	0.58	注意層（不安増幅・手続き疲れ）/対象外反発層/境界層/デジタル弱者	不安増幅↓ 情報過多↓ 政策疲労↓ 対象外反発↓ 制度信頼↑	LLM政策探索/構造持続あり	日本	副作用圧が最大化し政策疲労も高止まり。拡大より「誤読と境界の摩擦」を先に減衰させる局面。	制度が何を求めていて、参加できない時にどう扱われるのかが曖昧で、叩かれる未来だけが拡散している。	explain	スマホ通知	0.14	1	6	不安増幅↓ 情報過多↓ 政策疲労↓ 対象外反発↓ 制度信頼↑	切り取り炎上、『監視/強制』誤読、重要連絡の見落とし	SNS不安増幅が高く、既存施策の“意図の誤読”が副作用圧と疲労を増幅。拡大ではなく、非強制性と参加不能時の扱いを先に固定して摩擦を減らす。
PL034_02	36	政策探索	境界層の自動判定・仮適用（後追い反証OK）	0.52	境界層/申立て利用者/窓口職員/非正規・単身の生活防衛弱い層	取りこぼし↓ 待ち時間↓ 公平感↑ 政策疲労↓ 生活防衛↑ 制度信頼↑	LLM政策探索/構造持続あり	日本	副作用圧が最大化し政策疲労も高止まり。拡大より「誤読と境界の摩擦」を先に減衰させる局面。	困っているのに境界で止められるのが一番きつく、申立の気力が尽きる前に一旦守られる仕組みが欲しい。	amend	自治体	0.32	2	8	取りこぼし↓ 待ち時間↓ 公平感↑ 政策疲労↓ 生活防衛↑ 制度信頼↑	不正・水増し認知、先行救済の不公平感、現場ボトルネック固定	副作用圧100は“境界での落下”と“申立コスト”が主因になりやすい。ワンフォーム化の効果を最大化するため、境界層は『まず仮で守る』に寄せ、後追い反証で整合を取る順序へ修正する。
PL035_01	36	政策探索	救済・申立の負荷キャップ先行運用（週次是正要点）	0.62	注意層（不安増幅・手続き疲れ）／境界層／窓口職員／デジタル弱者	政策疲労↓ 副作用圧↓ 情報過多↓ 不安増幅↓ 制度信頼↑ 公平感↑	LLM政策探索/構造持続あり	日本	副作用圧が極大で、説明不足と手続き負荷がSNS不安を増幅し政策疲労が固定化。	申請も異議申立ても結局どこで止まるか分からず、説明だけ増えて怖い。	sequence	相談窓口	0.24	1	8	政策疲労↓ 副作用圧↓ 情報過多↓ 不安増幅↓ 制度信頼↑ 公平感↑	重要点の見落とし、監視強化に見える誤読、窓口ボトルネック固定、切り取り炎上	副作用圧100.0の局面では新規追加より、救済導線の詰まりと現場過負荷が不安増幅の核。『直している』を週次で短く示し、処理量上限と優先順位で疲労を先に下げる。
PL035_02	37	政策探索	社会維持nat報酬の線引き明確化＋不正認知対策（参加不能含む）	0.58	単身・非正規/若年の雇用不安層／参加困難者（病気・障害・重いケア）／対象外反発層	対象外感↓ 二極化↓ 公平感↑ 生活防衛↑ 制度信頼↑ 政策疲労↓	LLM政策探索/構造持続あり	日本	副作用圧が極大で、説明不足と手続き負荷がSNS不安を増幅し政策疲労が固定化。	やりたくても無理な時に責められない仕組みが見えないと、制度自体が信用できない。	amend	自治体	0.31	2	12	対象外感↓ 二極化↓ 公平感↑ 生活防衛↑ 制度信頼↑ 政策疲労↓	不正・水増し認知の逆噴射、免除線引き不満、強制感の誤読、現場負荷の偏り	財政圧とSNS不安が高いほど『不正』『ズルい』『強制』の物語が勝ちやすい。参加不能ルートの正当化（代替/免除の理由）と検証可能な最小限の記録・確認で、公平感欠損55.4と疲労70.7を同時に緩める。
PL036_01	37	政策探索	自動仮適用のガードレール先行（不正誤認対策＋後追い反証の型）	0.62	境界層/対象外反発層/窓口職員/注意層（SNS不安増幅）	取りこぼし↓ 公平感↑ 制度信頼↑ 不正・水増し認知↓ 政策疲労↓	LLM政策探索/構造持続あり	日本	副作用圧が最大で、SNS不安×手続き負荷が政策疲労と対象外反発を増幅。増やすより「直す順序」と簡素化が急務。	もらえるか分からず手続きが怖いし、ズルい人が得してる話ばかり流れてくる。	sequence	自治体	0.18	1	10	取りこぼし↓ 公平感↑ 制度信頼↑ 不正・水増し認知↓ 政策疲労↓	先行救済の不公平感、不正・水増し認知の逆噴射、現場ボトルネック固定、監視強化に見える誤読	副作用圧100%の局面で、PL034_02の利点（待ち時間/取りこぼし減）を維持しつつ、炎上起点になりやすい“不正誤認”と“先行救済不公平感”を先に潰して政策疲労を下げるため。
PL036_02	37	政策探索	救済ワンストップの二層化（3分即時/詳細後追い）＋窓口負荷キャップ再設計	0.70	注意層（手続き疲れ）/境界層/デジタル弱者/窓口職員/申立て利用者	政策疲労↓ 副作用圧↓ 待ち時間↓ 取りこぼし↓ 公平感↑ 制度信頼↑	LLM政策探索/構造持続あり	日本	副作用圧が最大で、SNS不安×手続き負荷が政策疲労と対象外反発を増幅。増やすより「直す順序」と簡素化が急務。	申請は簡単って言うのに結局やり直しで、時間だけ取られて生活が守れない感じがする。	simplify	相談窓口	0.46	1	12	政策疲労↓ 副作用圧↓ 待ち時間↓ 取りこぼし↓ 公平感↑ 制度信頼↑	先行救済への不公平感、不正・水増し認知、窓口ボトルネック再発、情報の切り取り炎上	既に導入済みのワンフォーム/負荷キャップを“入口の短縮”だけで終わらせず、即時救済と後追い精査を分離して現場詰まりを減らし、SNS不安（90.3）下での政策疲労（74.4）を最短で落とすため。
PL037_01	38	政策探索	救済・申立の二層導線を先行（3分即時→詳細後追い）	0.62	注意層（手続き疲れ）／境界層／デジタル弱者／窓口職員	政策疲労↓ 副作用圧↓ 待ち時間↓ 取りこぼし↓ 公平感↑ 制度信頼↑	LLM政策探索/構造持続あり	日本	副作用圧が最大化し、公平感欠損と政策疲労がSNS不安で増幅。追加より順序と説明の再設計が急務。	制度が複雑で、困った時にどこへ何を出せばいいか分からず不安が増える。	sequence	相談窓口	0.46	1	8	政策疲労↓ 副作用圧↓ 待ち時間↓ 取りこぼし↓ 公平感↑ 制度信頼↑	先行救済への不公平感、不正・水増し認知、窓口ボトルネック再発、情報の切り取り炎上	副作用圧100.0で“直す体験”が不足。最短導線を先に出し、詳細は後追いで現場負荷と不安増幅を同時に下げる。
PL037_02	38	政策探索	非強制・副作用先出しの3点説明を統一配信（週次1通＋月次要点）	0.52	注意層（SNS不安増幅）／対象外反発層／境界層／デジタル弱者	不安増幅↓ 情報過多↓ 政策疲労↓ 対象外反発↓ 制度信頼↑	LLM政策探索/構造持続あり	日本	副作用圧が最大化し、公平感欠損と政策疲労がSNS不安で増幅。追加より順序と説明の再設計が急務。	結局強制なのか、対象外なのかが曖昧で、SNSの情報だけが増えて疲れる。	explain	スマホ通知	0.14	1	8	不安増幅↓ 情報過多↓ 政策疲労↓ 対象外反発↓ 制度信頼↑	切り取り炎上、監視/強制の誤読、重要連絡の見落とし	SNS不安増幅88.7の局面では、改善の中身より“非強制・できない時・直し方”が伝わらないことが副作用化するため、説明を先に整流化する。
PL038_01	39	政策探索	二層救済の不公平・不正誤認ガード（公開ルール＋後追い反証標準化）	0.62	境界層／対象外反発層／窓口職員／注意層（SNS不安増幅）	不正・水増し認知↓ 公平感↑ 制度信頼↑ 政策疲労↓ 取りこぼし↓	LLM政策探索/構造持続あり	日本	副作用圧が極限で不正認知と先行救済不公平が再燃。説明と監査の先行が要る	結局は声の大きい人だけ得して、後から疑われる社会に見える	amend	スマホ通知	0.28	1	8	不正・水増し認知↓ 公平感↑ 制度信頼↑ 政策疲労↓ 取りこぼし↓	先行救済への不公平感、監視強化に見える誤読、切り取り炎上、窓口ボトルネック固定	救済導線を先行した直後は『ズルい/監視だ』のSNS増幅が最大化するため、先にルールと反証の型を固定し炎上余地を減らす
PL038_02	39	政策探索	対象外反発の緩衝：参加不能・未達層の代替経路（非強制・短冊提示）	0.52	参加困難者（病気・障害・重いケア）／単身・非正規の生活防衛弱い層／対象外反発層	対象外感↓ 二極化↓ 生活防衛↑ 公平感↑ 制度信頼↑ 政策疲労↓	LLM政策探索/構造持続あり	日本	副作用圧が極限で不正認知と先行救済不公平が再燃。説明と監査の先行が要る	頑張れない事情があると切り捨てられる空気が強まっている	compensate	自治体	0.24	1	10	対象外感↓ 二極化↓ 生活防衛↑ 公平感↑ 制度信頼↑ 政策疲労↓	免除線引き不満、不正認知の逆噴射、制度の複雑化、現場負荷の偏り	nat報酬や救済の拡大局面は『参加できない人の扱い』が不満の核になるため、強制でなく代替経路を明文化して反発の燃料を減らす
PL039_01	40	政策探索	副作用・不正誤認の公開監査（週次）＋異議申立の見える化	0.58	注意層（SNS不安増幅）/対象外反発層/境界層/窓口職員	制度信頼↑ 公平感↑ 不安増幅↓ 政策疲労↓ 不正・水増し認知↓	LLM政策探索/構造持続あり	日本	副作用圧が天井で、公平感欠損とSNS不安が手続き疲れを増幅し政策疲労が固定化。	ルールが毎回変わってる気がして、結局だれが得してるのか分からない。	explain	スマホ通知	0.18	1	8	制度信頼↑ 公平感↑ 不安増幅↓ 政策疲労↓ 不正・水増し認知↓	切り取り炎上、監視強化に見える誤読、重要連絡の見落とし、政策疲労	副作用圧100.0の局面では、追加より『直している証拠』を短周期で提示し不安増幅を止める必要があるため。
PL039_02	40	政策探索	参加不能・未達の自動免除＋代替経路を1枚化（短冊→1本道）	0.54	参加困難者（病気・障害・重いケア）/単身・非正規の生活防衛弱い層/対象外反発層	対象外感↓ 二極化↓ 生活防衛↑ 公平感↑ 政策疲労↓ 現場負荷↓	LLM政策探索/構造持続あり	日本	副作用圧が天井で、公平感欠損とSNS不安が手続き疲れを増幅し政策疲労が固定化。	参加できない理由を毎回説明させられるのが一番しんどい。	simplify	自治体	0.29	1	8	対象外感↓ 二極化↓ 生活防衛↑ 公平感↑ 政策疲労↓ 現場負荷↓	免除線引き不満、不正認知の逆噴射、制度の複雑化、現場負荷の偏り	代替経路が増えるほど『結局どれ？』が再燃し政策疲労が悪化するため、免除・代替を自動化し導線を一本化して副作用を減らす。
PL040_01	41	政策探索	救済・申立・免除の導線を1本道に統合（入口共通/後追い精査）	0.62	注意層（手続き疲れ）/境界層/参加困難者/窓口職員/対象外反発層	政策疲労↓ 情報過多↓ 取りこぼし↓ 公平感↑ 制度信頼↑ 二極化↓	LLM政策探索/構造持続あり	日本	副作用圧が上限で、説明・救済の増設がSNS不安と政策疲労を増幅し二極化が固定化。	制度が増えるほど手続きと不公平の疑いが増えて、結局自分は対象外だと感じる。	sequence	自治体	0.33	1	10	政策疲労↓ 情報過多↓ 取りこぼし↓ 公平感↑ 制度信頼↑ 二極化↓	先行救済への不公平感、不正・水増し認知、窓口ボトルネック固定	施策追加より『入口の数』が疲労を生み、危険/注意層を拡大。既存の二層救済と免除経路を一本化し、判断は後追いで精査して摩擦を下げる。
PL040_02	41	政策探索	公開監査の『不安を減らす型』へ改修（週次→要点月次＋異議申立テンプレ）	0.48	注意層（SNS不安増幅）/対象外反発層/境界層/デジタル弱者	不安増幅↓ 情報過多↓ 政策疲労↓ 制度信頼↑ 公平感↑	LLM政策探索/構造持続あり	日本	副作用圧が上限で、説明・救済の増設がSNS不安と政策疲労を増幅し二極化が固定化。	ニュースやSNSで制度が監視っぽく見えて怖くなり、説明が多いほど信用できなくなる。	amend	スマホ通知	0.19	1	8	不安増幅↓ 情報過多↓ 政策疲労↓ 制度信頼↑ 公平感↑	切り取り炎上、監視強化の誤読、重要連絡の見落とし	副作用圧が最大の局面で『週次の大量公開』は安心より燃料になりやすい。頻度を落として要点化し、異議申立の書式と反証の道筋を固定して不信の増幅を止める。
PL041_01	42	政策探索	1本道統合の現場ボトルネック遮断（負荷キャップ＋非デジタル導線）	0.60	注意層（手続き疲れ）/境界層/デジタル弱者/窓口職員/参加困難者	政策疲労↓ 取りこぼし↓ 公平感↑ 制度信頼↑ 不安増幅↓	LLM政策探索/構造持続あり	日本	副作用圧100と政策疲労74.9が臨界。SNS不安増幅下で手続き・説明の多さが二極化を加速。	申請のたびにルールが変わって見えて、結局どこに行けばいいか分からない。	amend	自治体	0.28	1	10	政策疲労↓ 取りこぼし↓ 公平感↑ 制度信頼↑ 不安増幅↓	先行救済への不公平感、窓口ボトルネック固定、監視強化に見える誤読	入口統合（PL040_01）が進むほど窓口が詰まると副作用圧が再燃するため、負荷上限と非デジタル代替を先に固定して疲労の再発を止める。
PL041_02	42	政策探索	非強制・副作用先出しの説明を1枚化（要点月次＋異議申立テンプレ即到達）	0.50	注意層（SNS不安増幅）/対象外反発層/境界層/デジタル弱者	不安増幅↓ 情報過多↓ 政策疲労↓ 対象外反発↓ 制度信頼↑ 公平感↑	LLM政策探索/構造持続あり	日本	副作用圧100と政策疲労74.9が臨界。SNS不安増幅下で手続き・説明の多さが二極化を加速。	毎週新しい情報が流れてきて、どれが自分に関係ある話か判断できない。	explain	スマホ通知	0.19	1	8	不安増幅↓ 情報過多↓ 政策疲労↓ 対象外反発↓ 制度信頼↑ 公平感↑	切り取り炎上、重要連絡の見落とし、監視/強制の誤読	公開監査や説明が増えるほど情報過多が再燃しやすい局面なので、頻度を落として到達経路（異議申立）だけは最短化し、“読めば安心”の型に寄せる。
PL042_01	43	政策探索	異議申立の即到達化＋進捗自動通知（1本道の鎮静版）	0.62	注意層（SNS不安増幅）/境界層/対象外反発層/デジタル弱者/窓口職員	制度信頼↑ 公平感↑ 不安増幅↓ 政策疲労↓ 不正誤認↓	LLM政策探索/構造持続あり	日本	副作用圧が極大で、説明過多と不公平疑念がSNS不安を増幅し政策疲労を固定化。	制度の中身より、いつ自分が対象外にされるか分からない怖さが拡散している。	amend	スマホ通知	0.28	1	8	制度信頼↑ 公平感↑ 不安増幅↓ 政策疲労↓ 不正誤認↓	監視強化に見える誤読、通知過多による政策疲労、切り取り炎上、窓口ボトルネック再発	副作用圧100.0の局面では『救済の有無』より『異議のしやすさと見通し』が炎上・離反を左右するため、説明を増やさず手続き体験を短くして不安を鎮める。
PL042_02	43	政策探索	対象条件の明確化＋参加不能の自動免除を前面化（不公平疑念の遮断）	0.55	対象外反発層/参加困難者（病気・障害・重いケア）/単身・非正規の生活防衛弱い層/境界層	対象外感↓ 二極化↓ 公平感↑ 制度信頼↑ 政策疲労↓ 生活防衛↑	LLM政策探索/構造持続あり	日本	副作用圧が極大で、説明過多と不公平疑念がSNS不安を増幅し政策疲労を固定化。	頑張れない事情がある人が切り捨てられる構図に見えると、将来の選択が怖くなる。	simplify	自治体	0.22	1	10	対象外感↓ 二極化↓ 公平感↑ 制度信頼↑ 政策疲労↓ 生活防衛↑	線引き不満の増幅、不正認知の逆噴射、現場負荷の偏り、制度の複雑化再発	財政圧87.3で拡大は禁物なため、既存導線のまま『線引きの説明』ではなく『線引きそのものの見える化・自動化』で不公平疑念を減らし、悪化している層（対象外反発/参加困難）を先に救う。
PL043_01	44	政策探索	通知キャップ＋要点合本（進捗通知の間引き）	0.52	注意層（SNS不安増幅）／境界層／デジタル弱者／窓口職員	政策疲労↓ 不安増幅↓ 情報過多↓ 制度信頼↑ 取りこぼし↓	LLM政策探索/構造持続あり	日本	副作用圧が極限で、SNS不安と手続き複雑さが政策疲労と対象外反発を増幅。	通知が増えるほど監視されている気がして、制度の話題自体を避けたくなる。	amend	スマホ通知	0.23	1	8	政策疲労↓ 不安増幅↓ 情報過多↓ 制度信頼↑ 取りこぼし↓	重要連絡の見落とし、切り取り炎上、政策疲労	即到達化が『通知過多』に転じると逆効果のため、頻度と粒度を先に制御して副作用圧を下げる。
PL043_02	44	政策探索	対象条件の一本表＋自動免除の前面化（窓口同一運用）	0.58	対象外反発層／参加困難者（病気・障害・重いケア）／単身・非正規の生活防衛弱い層／境界層	対象外感↓ 二極化↓ 公平感↑ 制度信頼↑ 政策疲労↓ 生活防衛↑	LLM政策探索/構造持続あり	日本	副作用圧が極限で、SNS不安と手続き複雑さが政策疲労と対象外反発を増幅。	自分が対象かどうか毎回わからず、申請する前に諦める人が周りに増えている。	simplify	自治体	0.24	1	8	対象外感↓ 二極化↓ 公平感↑ 制度信頼↑ 政策疲労↓ 生活防衛↑	線引き不満の増幅、不正認知の逆噴射、現場負荷の偏り	副作用圧100の主因が『線引き不透明＋例外運用のバラつき』になりやすい局面なので、条件と免除を先に固定して反発と疲労を同時に抑える。
PL044_01	45	政策探索	重要連絡フェイルセーフ＋通知キャップ再設計	0.58	注意層（SNS不安増幅）／境界層／デジタル弱者／窓口職員	政策疲労↓ 情報過多↓ 不安増幅↓ 取りこぼし↓ 制度信頼↑	LLM政策探索/構造持続あり	日本	副作用圧100と政策疲労74.7が主因。SNS不安増幅下で線引き疑念と通知過多が不信を再生産。	情報が多すぎて何が重要か分からず、手続きで失敗するのが怖い。	amend	スマホ通知/相談窓口/自治体	0.23	1	10	政策疲労↓ 情報過多↓ 不安増幅↓ 取りこぼし↓ 制度信頼↑	重要連絡の見落とし、通知の不公平感（届く/届かない）、窓口負荷の偏り、切り取り炎上	通知間引き（PL043_01）は有効だが、見落とし不安が残るとSNSで逆増幅するため、重要連絡だけは二重化・到達確認の最小限を付けて『減らしても安心』に変える。
PL044_02	45	政策探索	対象条件一本表の先出し＋異議申立の即到達を最優先導線化	0.62	対象外反発層／参加困難者（病気・障害・重いケア）／単身・非正規の生活防衛弱い層／境界層	対象外感↓ 二極化↓ 公平感↑ 制度信頼↑ 政策疲労↓ 生活防衛↑	LLM政策探索/構造持続あり	日本	副作用圧100と政策疲労74.7が主因。SNS不安増幅下で線引き疑念と通知過多が不信を再生産。	結局どれが自分に当てはまるのか曖昧で、最初から除外された気がして怒りが溜まる。	sequence	自治体/相談窓口/地域	0.26	1	12	対象外感↓ 二極化↓ 公平感↑ 制度信頼↑ 政策疲労↓ 生活防衛↑	線引き不満の増幅、不正認知の逆噴射、現場運用のばらつき、制度の複雑化再発	財政圧が高く追加給付が難しい局面では、まず『自分は対象か/救済経路があるか』の不安を最短で解く順序が副作用抑制に効く。PL043_02（一本表）と申立（PL042系）を入口で直結し、対象外反発と境界層の炎上燃料を減らす。
PL045_01	45	政策探索	通知・更新の一時停止＋合本化（例外は重要連絡のみ）	0.65	注意層（SNS不安増幅）／境界層／デジタル弱者／窓口職員	政策疲労↓ 情報過多↓ 不安増幅↓ 取りこぼし↓ 制度信頼↑	LLM政策探索/構造持続あり	日本	副作用圧100と政策疲労高止まり。通知・線引き不信がSNS不安を増幅し、注意層が広い。	通知が多すぎて何が大事か分からず、制度が怖くて近づけない。	pause	スマホ通知/相談窓口/自治体	0.20	0	6	政策疲労↓ 情報過多↓ 不安増幅↓ 取りこぼし↓ 制度信頼↑	重要連絡の見落とし、届く/届かない不公平感、更新停止の誤解（隠蔽疑念）	追加施策が効く前に通知疲れと切り取り炎上が先に悪化しているため、入口を増やさず総量を下げて鎮静する。
PL045_02	46	政策探索	社会維持ポイント（nat）: ケア・見守り・地域保全の小規模報酬化	0.55	生活防衛が弱い単身・非正規／軽中度ケア担い手／孤立リスク層（参加可能者）	生活防衛↑ 希望不足↓ 役割可視化↑ 制度信頼↑ 二極化↓	LLM政策探索/構造持続あり	日本	副作用圧100と政策疲労高止まり。通知・線引き不信がSNS不安を増幅し、注意層が広い。	仕事も将来も不安だが、地域で役に立つことが評価されるなら続けられる気がする。	add	自治体/地域/企業	0.48	1	8	生活防衛↑ 希望不足↓ 役割可視化↑ 制度信頼↑ 二極化↓	参加不能者の対象外感、不正・水増し認知、財政不安の増幅、政策疲労（申請増）	給付追加ではなく役割と地域維持を再設計し、雇用不安下でも“社会に必要とされる経路”を作って注意層の不安を下支えする。
PL046_01	47	政策探索	異議申立最優先＋対象条件一本表の先出し	0.62	対象外反発層／境界層／参加困難者（病気・障害・重いケア）／単身・非正規	公平感↑ 制度信頼↑ 二極化↓ 政策疲労↓ 対象外反発↓	LLM政策探索/構造持続あり	日本	副作用圧91.3と政策疲労61.3が臨界。追加よりも導線・説明・対象条件の再整流が先。	制度が怖いし自分は対象外かも、まず不利にならない逃げ道が欲しい。	sequence	自治体	0.26	1	8	公平感↑ 制度信頼↑ 二極化↓ 政策疲労↓ 対象外反発↓	線引き不満の増幅、不正認知の逆噴射、現場運用のばらつき、制度の複雑化再発	危険・注意が6割超で副作用圧が突出。新規報酬の拡大前に、対象外感と不信の入口（線引き・救済）を先に鎮静する必要があるため。
PL046_02	47	政策探索	通知・更新の一時停止＋重要連絡のみフェイルセーフ	0.55	注意層（SNS不安増幅）／境界層／デジタル弱者／窓口職員	政策疲労↓ 情報過多↓ 不安増幅↓ 取りこぼし↓ 制度信頼↑	LLM政策探索/構造持続あり	日本	副作用圧91.3と政策疲労61.3が臨界。追加よりも導線・説明・対象条件の再整流が先。	通知が多すぎて全部怖くなる、重要なことだけ確実に届く形にしてほしい。	pause	スマホ通知	0.20	1	6	政策疲労↓ 情報過多↓ 不安増幅↓ 取りこぼし↓ 制度信頼↑	隠蔽疑念（更新停止の誤解）、届く/届かない不公平感、重要連絡の見落とし、切り取り炎上	SNS不安増幅92.4の局面では、更新頻度そのものが副作用になる。情報量を絞り、異議申立・救済の『到達性』を上げる準備期間を作るため。
PL047_01	48	政策探索	社会維持ポイント(nat)の参加不能代替＋不正疑念鎮静版	0.62	参加可能者/参加困難者（病気・障害・重いケア）/対象外反発層/単身・非正規	生活防衛↑ 公平感↑ 制度信頼↑ 二極化↓ 不正誤認↓ 政策疲労↓	LLM政策探索/構造持続あり	日本	副作用認知が飽和しSNS不安が増幅、通知過多と線引き不満で政策疲労が固定化。	頑張っても制度に裁かれる感じがして、参加するほど損しそうに見える。	amend	自治体	0.32	1	8	生活防衛↑ 公平感↑ 制度信頼↑ 二極化↓ 不正誤認↓ 政策疲労↓	対象外感、不正・水増し認知、現場負荷の偏り、財政不安の増幅	副作用圧100で新規拡大は逆効果。既存natを『参加不能でも不利にならない設計』へ寄せ、線引き炎上と不正疑念を先に潰す。
PL047_02	48	政策探索	副作用監査＋異議申立＋非強制の1枚説明（重要導線固定）	0.58	注意層（SNS不安増幅）/対象外反発層/境界層/デジタル弱者	不安増幅↓ 情報過多↓ 政策疲労↓ 制度信頼↑ 公平感↑	LLM政策探索/構造持続あり	日本	副作用認知が飽和しSNS不安が増幅、通知過多と線引き不満で政策疲労が固定化。	何が正解か分からず怖いので、まず反論できる道とリスクが一目で欲しい。	explain	相談窓口	0.18	1	8	不安増幅↓ 情報過多↓ 政策疲労↓ 制度信頼↑ 公平感↑	切り取り炎上、重要連絡の見落とし、監視/強制の誤読、通知疲れの再燃	SNS不安が高い局面では『異議申立の即到達』と『副作用の先出し』を最短導線に固定し、隠蔽疑念と強制感を同時に下げる。
PL048_01	49	政策探索	副作用監査・異議申立・非強制の1枚説明（重要導線固定）	0.62	注意層（SNS不安増幅）/対象外反発層/境界層/デジタル弱者	不安増幅↓ 情報過多↓ 政策疲労↓ 制度信頼↑ 公平感↑	LLM政策探索/構造持続あり	日本	副作用圧が極端に高く、不安増幅と政策疲労が悪化。まず誤読と対象外感を鎮める。	制度が何をしていて自分は何をすればいいのかが曖昧で、SNSの不安だけが増えている。	explain	自治体	0.18	1	8	不安増幅↓ 情報過多↓ 政策疲労↓ 制度信頼↑ 公平感↑	切り取り炎上、監視/強制の誤読、通知疲れの再燃、重要連絡の見落とし	副作用圧95.9で疑念が最優先ボトルネック。増やすより先に導線と非強制・監査を固定し、誤読と疲労を止める。
PL048_02	50	政策探索	社会維持ポイント(nat)の参加不能代替＋不正疑念鎮静	0.58	参加可能者/参加困難者（病気・障害・重いケア）/対象外反発層/単身・非正規	生活防衛↑ 公平感↑ 制度信頼↑ 二極化↓ 不正誤認↓ 政策疲労↓	LLM政策探索/構造持続あり	日本	副作用圧が極端に高く、不安増幅と政策疲労が悪化。まず誤読と対象外感を鎮める。	頑張れる人だけ得をして、動けない人は責められる空気が強まっていると感じる。	amend	自治体	0.32	2	8	生活防衛↑ 公平感↑ 制度信頼↑ 二極化↓ 不正誤認↓ 政策疲労↓	対象外感、不正・水増し認知、現場負荷の偏り、財政不安の増幅	参加不能者の対象外感が二極化と不信を増幅する局面。代替導線を明確化し、不正疑念を先回り鎮静して制度疲労を抑える。
PL049_01	50	政策探索	通知・更新の一時停止＋重要連絡フェイルセーフ	0.60	注意層（SNS不安増幅）／境界層／デジタル弱者／窓口職員	政策疲労↓ 情報過多↓ 不安増幅↓ 取りこぼし↓ 制度信頼↑	LLM政策探索/構造持続あり	日本	副作用圧100と政策疲労62が支配的。SNS不安下で対象外疑念が再燃しやすい。	制度の話が次々来て不安だけ増え、何が本当に必要か分からない。	pause	スマホ通知	0.20	1	6	政策疲労↓ 情報過多↓ 不安増幅↓ 取りこぼし↓ 制度信頼↑	隠蔽疑念（更新停止の誤解）、届く/届かない不公平感、重要連絡の見落とし、切り取り炎上	副作用圧が臨界で、まず入力（通知）を絞らないと説明も救済も届かないため。
PL049_02	50	政策探索	対象条件一本表の先出し＋異議申立の最短導線固定	0.55	対象外反発層／境界層／参加困難者（病気・障害・重いケア）／単身・非正規	公平感↑ 制度信頼↑ 二極化↓ 対象外反発↓ 政策疲労↓	LLM政策探索/構造持続あり	日本	副作用圧100と政策疲労62が支配的。SNS不安下で対象外疑念が再燃しやすい。	当てはまるのか外れるのかが不透明で、外れた時にどう訴えればいいか分からない。	sequence	自治体	0.26	1	8	公平感↑ 制度信頼↑ 二極化↓ 対象外反発↓ 政策疲労↓	線引き不満の増幅、不正認知の逆噴射、現場運用のばらつき、制度の複雑化再発	対象外感と不正疑念がSNSで増幅しやすい局面のため、先に“説明より救済”の到達性を確保する。
PL050_01	52	政策探索	自動適用・代理申請の標準化＋運用差の是正監査	0.62	境界層／参加困難者（病気・障害・重いケア）／単身・非正規／窓口職員	政策疲労↓ 取りこぼし↓ 公平感↑ 制度信頼↑ 二極化↓	LLM政策探索/構造持続あり	日本	副作用圧100と政策疲労60.7が臨界。増設より簡素化と誤解防止で分断を抑える。	制度はあるのに手続きが複雑で、知っている人だけ得している感じがする。	simplify	自治体	0.22	2	10	政策疲労↓ 取りこぼし↓ 公平感↑ 制度信頼↑ 二極化↓	自治体間の運用抵抗、不正認知の逆噴射、窓口負荷の一時集中、『監視強化』の誤読	対象条件一本表と異議申立導線が機能しても、申請・証明・運用差が残ると疲労と不公平が再燃するため。
PL050_02	51	政策探索	通知停止の誤解遮断：重要連絡の定義固定＋1枚図解＋短尺反証FAQ	0.55	注意層（SNS不安増幅）／対象外反発層／デジタル弱者／境界層	不安増幅↓ 情報過多↓ 政策疲労↓ 隠蔽疑念↓ 制度信頼↑	LLM政策探索/構造持続あり	日本	副作用圧100と政策疲労60.7が臨界。増設より簡素化と誤解防止で分断を抑える。	SNSで不安が拡散して何が本当か分からず、結局どう動けばいいか迷う。	explain	スマホ通知	0.16	1	6	不安増幅↓ 情報過多↓ 政策疲労↓ 隠蔽疑念↓ 制度信頼↑	切り取り炎上、『重要』の線引き不満、説明自体が通知疲れを再燃、届く/届かない不公平感	通知・更新停止は疲労を下げる一方で『隠蔽』『改悪』の誤解がSNSで増幅しやすく、副作用圧100の主因になり得るため先に封じる。
PL051_01	52	政策探索	生活防衛ワンストップ（申請最小・自動判定）	0.62	境界層／単身・非正規／デジタル弱者／窓口職員	政策疲労↓ 取りこぼし↓ 公平感↑ 制度信頼↑ 生活防衛↑	LLM政策探索/構造持続あり	日本	副作用不満が臨界(100)で政策疲労も高い。増やすより簡素化と監査で信頼回復が先。	制度が増えて追えず、申請や更新の不安で生活の見通しが立たない。	simplify	自治体	0.28	1	10	政策疲労↓ 取りこぼし↓ 公平感↑ 制度信頼↑ 生活防衛↑	データ連携への不信、自動判定の誤判定、届く/届かない不公平感、現場運用のばらつき	通知停止や説明強化だけでは副作用圧(100)が下がらないため、手続き負担そのものを減らして炎上燃料（申請・線引き・更新）を削る。
PL051_02	52	政策探索	nat報酬の『参加不能』認定を先出し＋自動付与（異議申立一体）	0.58	参加困難者（病気・障害・重いケア）／対象外反発層／境界層	対象外反発↓ 二極化↓ 公平感↑ 制度信頼↑ 政策疲労↓	LLM政策探索/構造持続あり	日本	副作用不満が臨界(100)で政策疲労も高い。増やすより簡素化と監査で信頼回復が先。	頑張れる人だけ得をする仕組みに見え、体調や家の事情があると置いていかれる感じが強い。	amend	相談窓口	0.24	1	8	対象外反発↓ 二極化↓ 公平感↑ 制度信頼↑ 政策疲労↓	不正認知の逆噴射、認定基準への不満、現場負荷の偏り、財政不安の増幅	社会維持ポイントは役割再設計に効く一方、参加不能者の相対的不利が最大の副作用になりやすい。順序を『認定・異議申立→付与』に固定して公平感欠損(43.2)を先に削る。
PL052_01	53	政策探索	生活防衛・nat参加不能・異議申立の一体導線化	0.62	境界層／参加困難者（病気・障害・重いケア）／単身・非正規／デジタル弱者／窓口職員	政策疲労↓ 取りこぼし↓ 公平感↑ 制度信頼↑ 二極化↓ 生活防衛↑	LLM政策探索/構造持続あり	日本	副作用圧100と政策疲労が高止まり。新規追加より、既存施策の束ね直しと監査・異議申立の可視化で不信と二極化を止血。	制度が多すぎて自分が対象か分からず、申請して損する不安が先に立つ。	sequence	自治体	0.24	1	10	政策疲労↓ 取りこぼし↓ 公平感↑ 制度信頼↑ 二極化↓ 生活防衛↑	届く/届かない不公平感、自動判定の誤判定、現場運用のばらつき、データ連携への不信	施策が並走して理解負荷が増え、SNS不安増幅下で切り取りが起きやすい。申請・認定・異議申立を同一入口に束ね、説明より先に“迷子にならない行動導線”を固定する。
PL052_02	53	政策探索	副作用監査の週次公開＋是正チケット（異議申立直結）	0.58	注意層（SNS不安増幅）／対象外反発層／境界層／窓口職員	副作用圧↓ 不安増幅↓ 隠蔽疑念↓ 制度信頼↑ 公平感↑ 政策疲労↓	LLM政策探索/構造持続あり	日本	副作用圧100と政策疲労が高止まり。新規追加より、既存施策の束ね直しと監査・異議申立の可視化で不信と二極化を止血。	どうせ見えないところで決めてると思ってしまい、炎上情報の方が信じやすい。	amend	スマホ通知	0.18	1	8	副作用圧↓ 不安増幅↓ 隠蔽疑念↓ 制度信頼↑ 公平感↑ 政策疲労↓	監視強化の誤読、数字の切り取り炎上、通知疲れの再燃、不正認知の逆噴射	副作用圧が最大で、説明だけでは納得が回復しにくい局面。監査結果と是正状況を“短く・定点で・同じ場所”に出し、異議申立から是正までを可視化して疑念の燃料を減らす。
PL053_01	54	政策探索	副作用監査の隔週要点化＋是正チケット優先（通知は原則しない）	0.62	注意層（SNS不安増幅）／対象外反発層／境界層／窓口職員	副作用圧↓ 不安増幅↓ 隠蔽疑念↓ 制度信頼↑ 公平感↑ 政策疲労↓	LLM政策探索/構造持続あり	日本	副作用圧が最大化し、SNS不安と通知疲れが政策疲労を増幅。導線は維持しつつ情報量を減らす局面。	制度の不備は直してほしいが、毎週の炎上と通知で心が削られる。	amend	自治体	0.16	1	8	副作用圧↓ 不安増幅↓ 隠蔽疑念↓ 制度信頼↑ 公平感↑ 政策疲労↓	数字の切り取り炎上、監視強化の誤読、是正遅延への不満、対象外感	副作用公開は必要だが、週次拡散は不安と通知疲れを増やすため、頻度と表現を絞って是正に直結させる。
PL053_02	54	政策探索	通知・更新の追加停止（4週間）＋重要連絡の多重フェイルセーフ	0.58	注意層（SNS不安増幅）／境界層／デジタル弱者／窓口職員	政策疲労↓ 情報過多↓ 不安増幅↓ 取りこぼし↓ 制度信頼↑	LLM政策探索/構造持続あり	日本	副作用圧が最大化し、SNS不安と通知疲れが政策疲労を増幅。導線は維持しつつ情報量を減らす局面。	何が重要か分からない通知が多すぎて、結局どれも見なくなる。	pause	スマホ通知	0.22	1	8	政策疲労↓ 情報過多↓ 不安増幅↓ 取りこぼし↓ 制度信頼↑	隠蔽疑念（更新停止の誤解）、届く/届かない不公平感、重要連絡の見落とし、切り取り炎上	政策疲労が高止まりしているため、施策追加ではなく通知総量を確実に落とし、重要連絡だけを複線化して取りこぼしを防ぐ。
PL054_01	55	政策探索	例外処理の標準化（参加不能/境界/対象外の三分岐を固定）	0.62	境界層／参加困難者（病気・障害・重いケア）／対象外反発層／窓口職員	取りこぼし↓ 公平感↑ 制度信頼↑ 二極化↓ 政策疲労↓	LLM政策探索/構造持続あり	日本	副作用圧100と政策疲労61が臨界。通知停止中でも「隠蔽/不公平」誤読が残り二極化を助長。	同じ状況でも自治体や属性で扱いが違うように見えて、制度を信じにくい。	simplify	自治体	0.27	1	10	取りこぼし↓ 公平感↑ 制度信頼↑ 二極化↓ 政策疲労↓	自治体運用の抵抗、線引き不満の増幅、窓口負荷の一時集中、不正認知の逆噴射	既存の導線統合・自動適用が進むほど、例外処理のばらつきが不公平感と炎上材料になるため、分岐と証跡を最小項目で固定する。
PL054_02	55	政策探索	通知しない財源・副作用の任意閲覧パッケージ（1枚＋短尺FAQ＋異議申立直結）	0.52	注意層（SNS不安増幅）／対象外反発層／デジタル弱者／境界層	不安増幅↓ 隠蔽疑念↓ 副作用圧↓ 制度信頼↑ 政策疲労↓	LLM政策探索/構造持続あり	日本	副作用圧100と政策疲労61が臨界。通知停止中でも「隠蔽/不公平」誤読が残り二極化を助長。	何が改善されていて何がまだ危ないのかが見えず、不安だけが増える。	explain	相談窓口	0.19	1	8	不安増幅↓ 隠蔽疑念↓ 副作用圧↓ 制度信頼↑ 政策疲労↓	説明自体が負担になる、切り取り炎上、『監視/強制』の誤読、届く/届かない不公平感	追加通知は疲労を悪化させるため、原則プッシュしない導線で「財源・副作用・是正の手順」を一体提示し、疑念を“行動（異議申立/是正）”に変換する。
PL055_01	56	政策探索	例外三分岐の全国テンプレ＋異議申立ワンタップ固定	0.62	境界層／参加困難者／対象外反発層／窓口職員	取りこぼし↓ 公平感↑ 制度信頼↑ 二極化↓ 政策疲労↓	LLM政策探索/構造持続あり	日本	副作用圧が最大化し、通知・線引き・運用差が政策疲労と公平感欠損を増幅している	何をすれば対象になるのか分からず、申請しても跳ねられる不安が先に立つ	sequence	自治体	0.33	1	8	取りこぼし↓ 公平感↑ 制度信頼↑ 二極化↓ 政策疲労↓	線引き不満の増幅、自治体運用の抵抗、不正認知の逆噴射、窓口負荷の一時集中	副作用圧が100.0で、まず『どこで詰まるか』を例外処理の標準化と最短の異議申立導線で固定し、運用差による不公平と炎上燃料を減らす必要があるため
PL055_02	57	政策探索	生活防衛×住居・ケア・学び直しの束ね直し（境界層の自動誘導）	0.56	単身・非正規／デジタル弱者／重いケア同居／境界層	生活防衛↑ 希望不足↓ 取りこぼし↓ 政策疲労↓ 制度信頼↑	LLM政策探索/構造持続あり	日本	副作用圧が最大化し、通知・線引き・運用差が政策疲労と公平感欠損を増幅している	将来の準備より今日の生活と家族のケアで手一杯で、制度を追う気力が残らない	compensate	相談窓口	0.47	2	8	生活防衛↑ 希望不足↓ 取りこぼし↓ 政策疲労↓ 制度信頼↑	対象外感、自動判定の誤判定、データ連携への不信、財政不安の増幅	財政余力が低い中で施策追加に見えない形（束ね直し）で、生活防衛とケア・住居・学び直しを同一入口に寄せ、手続き疲れと『自分だけ置き去り』感を減らす必要があるため
PL056_01	57	政策探索	是正チケット即応SLA＋自治体ばらつき即時補正	0.62	注意層（SNS不安増幅）／境界層／対象外反発層／窓口職員	副作用圧↓ 政策疲労↓ 制度信頼↑ 公平感↑ 二極化↓	LLM政策探索/構造持続あり	日本	副作用圧100と政策疲労59が支配。線引き不信と運用ばらつきがSNS不安で増幅し二極化へ。	困ったときに制度が遅い・自治体で違うと感じ、どうせ無駄だと諦めが先に立つ。	amend	自治体	0.29	1	8	副作用圧↓ 政策疲労↓ 制度信頼↑ 公平感↑ 二極化↓	監視強化の誤読、現場負荷の一時集中、数字の切り取り炎上、是正遅延への不満	副作用圧が上限で、説明より先に「直る」体感を最短で積み、運用差が生む不公平感を止血する必要があるため。
PL056_02	57	政策探索	対象条件の段階化（急落防止）＋一本表の再統合	0.58	境界層／単身・非正規／対象外反発層／参加困難者（申請困難）	公平感↑ 二極化↓ 対象外反発↓ 政策疲労↓ 生活防衛↑	LLM政策探索/構造持続あり	日本	副作用圧100と政策疲労59が支配。線引き不信と運用ばらつきがSNS不安で増幅し二極化へ。	少し条件が外れるだけで全部落ちるのが怖くて、挑戦や働き方の変更を避けてしまう。	simplify	自治体	0.31	1	12	公平感↑ 二極化↓ 対象外反発↓ 政策疲労↓ 生活防衛↑	線引き不満の増幅、財政不安の増幅、不正認知の逆噴射、制度の複雑化再発	線引きの崖（当落の急変）が二極化と不信を増やすため、既存制度の条件を段階化して“損得の急変”を減らし、納得可能性を上げる。
PL057_01	58	政策探索	段階条件先行＋自動誘導は慎重化	0.62	境界層／対象外反発層／単身・非正規／デジタル弱者	公平感↑ 二極化↓ 対象外反発↓ 政策疲労↓ 生活防衛↑	LLM政策探索/構造持続あり	日本	副作用圧が最大化しSNS不安で誤判定・不公平感が増幅、政策疲労が臨界。	制度が頻繁に変わって自分が対象か分からず、失敗したら詰む感覚が強い。	sequence	自治体	0.31	1	10	公平感↑ 二極化↓ 対象外反発↓ 政策疲労↓ 生活防衛↑	線引き不満の再燃、財政不安の増幅、自動判定の誤判定、自治体運用のばらつき	束ね直し自動誘導は誤判定と不信の燃料になり得るため、急落防止の段階条件を先に固定して炎上源を減らす。
PL057_02	58	政策探索	非強制・誤情報耐性の要点説明（異議申立直結）	0.52	注意層（SNS不安増幅）／境界層／対象外反発層	不安増幅↓ 副作用圧↓ 制度信頼↑ 公平感↑ 政策疲労↓	LLM政策探索/構造持続あり	日本	副作用圧が最大化しSNS不安で誤判定・不公平感が増幅、政策疲労が臨界。	SNSで不安な話ばかり流れてきて、何が本当かより先に怖さだけが残る。	explain	地域	0.18	1	8	不安増幅↓ 副作用圧↓ 制度信頼↑ 公平感↑ 政策疲労↓	切り取り炎上、説明負担の増加、監視・強制の誤読、届く/届かない不公平感	通知停止で静めてもSNSの不安増幅は残るため、任意閲覧のまま『誤解されやすい点の先回り反証』を追加し、異議申立へ最短接続する。
PL058_01	59	政策探索	是正チケット静音SLA（優先度ルール＋負荷平準）	0.62	注意層（SNS不安増幅）／境界層／対象外反発層／窓口職員	副作用圧↓ 政策疲労↓ 制度信頼↑ 公平感↑ 取りこぼし↓	LLM政策探索/構造持続あり	日本	副作用圧100と政策疲労60が同時に高く、SNS不安で誤読が増幅し公平感欠損が残留。	制度が何をしても炎上しそうで、間違っても直らない気がして不安。	amend	自治体	0.28	1	10	副作用圧↓ 政策疲労↓ 制度信頼↑ 公平感↑ 取りこぼし↓	現場負荷の一時集中、数字の切り取り炎上、監視強化の誤読、是正遅延への不満	副作用圧が臨界で、公開・説明より先に『直る』体験を短時間で積む必要があるため（通知は原則せず、窓口/任意閲覧で確認）。
PL058_02	59	政策探索	段階条件の先行固定＋異議申立ワンタップ同梱	0.58	境界層／単身・非正規／参加困難者（申請困難）／対象外反発層	公平感↑ 二極化↓ 対象外反発↓ 生活防衛↑ 政策疲労↓	LLM政策探索/構造持続あり	日本	副作用圧100と政策疲労60が同時に高く、SNS不安で誤読が増幅し公平感欠損が残留。	対象かどうかが怖くて動けないので、外れても落ちない道とやり直し口が欲しい。	sequence	相談窓口	0.30	1	12	公平感↑ 二極化↓ 対象外反発↓ 生活防衛↑ 政策疲労↓	線引き不満の再燃、財政不安の増幅、制度の複雑化再発、不正認知の逆噴射	自動誘導への不信が残る局面では、先に『急落しない段階条件』と『不服申立の出口』を固定し、境界層の不公平感と反発連鎖を止めるのが最優先。
PL059_01	60	政策探索	副作用監査の公開粒度ルール＋第三者異議レビュー	0.46	注意層（SNS不安増幅）／対象外反発層／境界層	副作用圧↓ 不安増幅↓ 隠蔽疑念↓ 制度信頼↑ 公平感↑ 政策疲労↓	LLM政策探索/構造持続あり	日本	副作用圧が極大で、線引き不満と切り取り炎上が政策疲労を増幅。静音で是正・説明の信頼回復が急務。	SNSでは制度の欠点だけが拡散し、何を信じればいいか分からない。	amend	自治体	0.24	1	10	副作用圧↓ 不安増幅↓ 隠蔽疑念↓ 制度信頼↑ 公平感↑ 政策疲労↓	監視強化の誤読、数字の切り取り炎上、説明コスト増による現場疲弊	副作用圧100の局面では『何をどこまで公開するか』が炎上と不信を左右するため、公開の粒度と第三者レビューで疑念の連鎖を止める。
PL059_02	60	政策探索	静音ワンストップ（紙/対面）で異議申立・救済導線を固定	0.52	デジタル弱者／境界層／参加困難者（申請困難）／単身・非正規	取りこぼし↓ 公平感↑ 制度信頼↑ 政策疲労↓ 生活防衛↑	LLM政策探索/構造持続あり	日本	副作用圧が極大で、線引き不満と切り取り炎上が政策疲労を増幅。静音で是正・説明の信頼回復が急務。	アプリや制度が多すぎて追えず、困ってもどこに行けばいいか分からない。	localize	相談窓口	0.32	1	8	取りこぼし↓ 公平感↑ 制度信頼↑ 政策疲労↓ 生活防衛↑	窓口混雑と待ち時間悪化、対象外感、地域差（運用ばらつき）	通知抑制・自動誘導慎重化の流れの中で、届かない不公平と申請断念が再燃しやすい。『行けば必ず道がある』導線を紙/対面で固定して二極化を抑える。
PL060_01	61	政策探索	静音ワンストップ混雑平準（予約・分散・代理）	0.50	デジタル弱者／参加困難者（申請困難）／境界層／窓口職員	取りこぼし↓ 政策疲労↓ 公平感↑ 制度信頼↑	LLM政策探索/構造持続あり	日本	副作用圧が極大で、説明・窓口運用が疲労と不信を再生産しやすい	手続きが難しい人ほど後回しになって置き去りにされている感じがする	amend	自治体	0.28	1	10	取りこぼし↓ 政策疲労↓ 公平感↑ 制度信頼↑	窓口混雑の悪化、地域差（運用ばらつき）、対象外感	紙/対面導線の需要増が確実で、待ち時間が副作用として不信と疲労を増幅するため先に平準化する
PL060_02	61	政策探索	副作用監査の誤読防止レイヤ（要点・反証・異議直結）	0.60	注意層（SNS不安増幅）／対象外反発層／境界層	不安増幅↓ 隠蔽疑念↓ 副作用圧↓ 制度信頼↑ 政策疲労↓	LLM政策探索/構造持続あり	日本	副作用圧が極大で、説明・窓口運用が疲労と不信を再生産しやすい	数字や言葉が拡散されるほど、結局なにが自分に関係あるのか分からなくなる	explain	地域	0.22	1	8	不安増幅↓ 隠蔽疑念↓ 副作用圧↓ 制度信頼↑ 政策疲労↓	切り取り炎上、説明負担の増加、監視・強制の誤読	監査公開は効く一方で誤読・切り取りが最短で副作用を再燃させるため、非強制で読める防波堤を同時に整備する
PL061_01	62	政策探索	是正SLA×例外三分岐テンプレの統合運用（窓口負荷平準込み）	0.60	境界層／参加困難者／対象外反発層／窓口職員	副作用圧↓ 政策疲労↓ 公平感↑ 制度信頼↑ 取りこぼし↓ 二極化↓	LLM政策探索/構造持続あり	日本	副作用圧が極大でSNS不安が増幅。説明不足と手続き負荷が政策疲労と公平感欠損を固定化。	どの制度も条件が違って見えて、申請しても損しそうで動けない。	sequence	自治体	0.52	1	10	副作用圧↓ 政策疲労↓ 公平感↑ 制度信頼↑ 取りこぼし↓ 二極化↓	現場負荷の一時集中、自治体運用の抵抗、数字の切り取り炎上、不正認知の逆噴射	新規追加より、既存の是正・例外処理・混雑平準を一本化して“迷い”と再申請を減らす局面。
PL061_02	62	政策探索	誤読防止レイヤの標準化（要点・反証・財源/副作用・異議直結）	0.55	注意層（SNS不安増幅）／対象外反発層／境界層	不安増幅↓ 隠蔽疑念↓ 副作用圧↓ 制度信頼↑ 公平感↑ 政策疲労↓	LLM政策探索/構造持続あり	日本	副作用圧が極大でSNS不安が増幅。説明不足と手続き負荷が政策疲労と公平感欠損を固定化。	結局なにが本当で、誰が得してるのか分からなくて不安だけが増える。	explain	スマホ通知	0.22	1	8	不安増幅↓ 隠蔽疑念↓ 副作用圧↓ 制度信頼↑ 公平感↑ 政策疲労↓	切り取り炎上、届く/届かない不公平感、説明負担の増加、監視・強制の誤読	SNS不安が高く、監査や是正が“監視化”と誤読されやすい。異議申立に直結する短尺の非強制説明を先に固定する。
PL062_01	63	政策探索	是正SLA×例外三分岐の統合運用（負荷平準込み）	0.62	境界層／参加困難者／対象外反発層／窓口職員	副作用圧↓ 政策疲労↓ 公平感↑ 制度信頼↑ 取りこぼし↓ 二極化↓	LLM政策探索/構造持続あり	日本	副作用圧が極端に高く、説明不足と運用ばらつきが政策疲労と不信を増幅している。	申請や是正が遅くて理不尽に見え、結局は声の大きい人だけ得をする気がする。	sequence	自治体	0.52	1	8	副作用圧↓ 政策疲労↓ 公平感↑ 制度信頼↑ 取りこぼし↓ 二極化↓	現場負荷の一時集中、自治体運用の抵抗、数字の切り取り炎上、不正認知の逆噴射	副作用圧が96.2と突出しており、個別追加より先に救済・例外処理の標準化と負荷平準で“揉め方”を減らす必要があるため。
PL062_02	63	政策探索	誤読防止レイヤ標準化（要点・反証・財源/副作用・異議直結）	0.58	注意層（SNS不安増幅）／対象外反発層／境界層	不安増幅↓ 隠蔽疑念↓ 副作用圧↓ 制度信頼↑ 公平感↑ 政策疲労↓	LLM政策探索/構造持続あり	日本	副作用圧が極端に高く、説明不足と運用ばらつきが政策疲労と不信を増幅している。	情報が多すぎて何が本当か分からず、制度の話は結局だまされる前提で見てしまう。	explain	スマホ通知	0.22	1	8	不安増幅↓ 隠蔽疑念↓ 副作用圧↓ 制度信頼↑ 公平感↑ 政策疲労↓	切り取り炎上、届く/届かない不公平感、説明負担の増加、監視・強制の誤読	SNS不安増幅が高く、監査や是正が“監視/強制”に誤読されやすい局面のため、異議申立に直結する短い要点と反証で炎上耐性を上げる必要があるため。
PL063_01	64	政策探索	是正SLA×例外三分岐の最小セット化（段階導入）	0.58	境界層／参加困難者／窓口職員／対象外反発層	副作用圧↓ 政策疲労↓ 取りこぼし↓ 公平感↑ 制度信頼↑（地域差も縮小）	LLM政策探索/構造持続あり	日本	副作用圧が極端に高く、説明増が政策疲労と切り取り炎上を再加速し得る局面。	制度がまた変わるのが怖く、申請や説明を追うほど生活が削られる感覚がある。	simplify	自治体	0.34	1	10	副作用圧↓ 政策疲労↓ 取りこぼし↓ 公平感↑ 制度信頼↑（地域差も縮小）	最小セット化による救済不足、自治体の運用抵抗、線引き不満の再燃、是正遅延への不満	副作用圧96.2の局面では追加施策より、既存運用の“手数と揺れ”を削って疲労と炎上要因を減らすのが先。
PL063_02	64	政策探索	誤読防止レイヤの“押し付けない”配布設計（検索/窓口優先＋SNS切り取り対策）	0.52	注意層（SNS不安増幅）／対象外反発層／境界層	不安増幅↓ 副作用圧↓ 監視/強制の誤読↓ 制度信頼↑ 公平感↑（通知疲れは増やさない）	LLM政策探索/構造持続あり	日本	副作用圧が極端に高く、説明増が政策疲労と切り取り炎上を再加速し得る局面。	正しい情報に辿り着く前に切り取りが流れてきて、何を信じればいいか分からない。	amend	相談窓口	0.21	1	8	不安増幅↓ 副作用圧↓ 監視/強制の誤読↓ 制度信頼↑ 公平感↑（通知疲れは増やさない）	届く/届かない不公平感、窓口の説明負担増、SNSでの再切り取り炎上、『隠している』疑念の再燃	SNS不安が高いほどプッシュ説明は逆効果になりやすいので、静音チャネル中心にしつつ反証・異議導線だけ確実に残す。
PL064_01	65	政策探索	副作用監査→異議申立→救済の順序固定（先行SLA）	0.62	注意層（SNS不安増幅）／境界層／対象外反発層／窓口職員	副作用圧↓ 政策疲労↓ 制度信頼↑ 公平感↑ 二極化↓	LLM政策探索/構造持続あり	日本	副作用圧が極端に高く、政策疲労と公平感欠損がSNS不安増幅で再燃している。	困ったときの道筋が毎回変わり、説明だけ増えて自分だけ置いていかれる感じがする。	sequence	自治体	0.29	1	10	副作用圧↓ 政策疲労↓ 制度信頼↑ 公平感↑ 二極化↓	是正遅延への不満、監視強化の誤読、窓口負荷の一時集中、数字の切り取り炎上	副作用圧92.3が支配的で、順序が曖昧なまま施策を積むと疲労と不信が増幅するため、先に『監査→異議→救済』の到達性を保証する。
PL064_02	66	政策探索	例外三分岐の最小セットを全国同形に寄せる（対象条件の再調整）	0.58	境界層／参加困難者（申請困難）／単身・非正規／対象外反発層	取りこぼし↓ 地域差↓ 公平感↑ 政策疲労↓ 生活防衛↑	LLM政策探索/構造持続あり	日本	副作用圧が極端に高く、政策疲労と公平感欠損がSNS不安増幅で再燃している。	住む場所や働き方で扱いが変わるのが怖く、どうせ自分は対象外だと思ってしまう。	simplify	相談窓口	0.34	2	12	取りこぼし↓ 地域差↓ 公平感↑ 政策疲労↓ 生活防衛↑	最小化による救済不足、線引き不満の再燃、自治体運用の抵抗、不正認知の逆噴射	政策疲労60.2は『手続きの揺れ・地域差・例外の多さ』で増幅しやすい。財政圧力が高い局面では拡大よりも、同じ資源で到達性と一貫性を上げる簡素化が有効。
PL065_01	66	政策探索	境界層の自動判定＋一枚申請（例外三分岐は裏側）	0.62	境界層／単身・非正規／申請困難者／対象外反発予備軍	取りこぼし↓ 政策疲労↓ 公平感↑ 制度信頼↑ 二極化↓ 副作用圧↓	LLM政策探索/構造持続あり	日本	副作用圧が極端に高く、SNS不安増幅と政策疲労が境界層の手続き負担を通じて二極化を再生産。	制度は増えているのに自分が対象か分からず、手続きを考えるだけで消耗して将来計画が止まる。	simplify	自治体	0.33	1	10	取りこぼし↓ 政策疲労↓ 公平感↑ 制度信頼↑ 二極化↓ 副作用圧↓	対象外感、不正認知の逆噴射、自治体運用ばらつき、是正遅延への不満	副作用圧96.3と政策疲労58.0が上限に近く、追加施策より『申請・線引きの痛み』の最小化が先。例外処理は窓口内部に隠して、当事者体験を単純化する。
PL065_02	67	政策探索	社会維持nat報酬（ケア・地域維持の小口）	0.48	ケア担い手／地域維持の担い手／若年の無業・不安層／単身世帯	生活防衛↑ 公平感↑ 連帯感↑ 不安増幅↓ 学び直し前の足場↑	LLM政策探索/構造持続あり	日本	副作用圧が極端に高く、SNS不安増幅と政策疲労が境界層の手続き負担を通じて二極化を再生産。	頑張っても社会に必要とされている実感がなく、物価と不安だけが増えて未来を選べない。	add	地域	0.35	2	8	生活防衛↑ 公平感↑ 連帯感↑ 不安増幅↓ 学び直し前の足場↑	参加できない層の対象外感、形式化・ポイント稼ぎ化、監視・強制の誤読、現場の説明負担	財政圧84.5下で現金給付拡大は疑念と反発を招きやすい。社会維持の役割を『見える報酬』に変えて、家族形成以前に詰まっている生活防衛・孤立・無力感を緩める補完策にする。
PL066_01	67	政策探索	自動判定の「根拠一枚＋即時異議」同梱	0.62	境界層／単身・非正規／対象外反発予備軍／申請困難者	政策疲労↓ 公平感↑ 制度信頼↑ 副作用圧↓ 二極化↓	LLM政策探索/構造持続あり	日本	副作用圧が極端に高く、SNS不安で誤読と対象外反発が増幅し政策疲労が先行。	制度が勝手に決めていて、外れた理由も直し方も分からず不安が増える。	amend	自治体	0.19	1	10	政策疲労↓ 公平感↑ 制度信頼↑ 副作用圧↓ 二極化↓	不正認知の逆噴射、是正遅延への不満、対象外感、現場負荷の一時集中	自動判定は便利だが誤判定・不透明感が副作用圧を増幅するため、根拠提示と異議導線を最短化して誤読と反発を抑える。
PL066_02	67	政策探索	副作用監査の「先出し反証」→異議→救済の全国統一順序	0.58	注意層（SNS不安増幅）／対象外反発層／境界層／窓口職員	不安増幅↓ 隠蔽疑念↓ 副作用圧↓ 制度信頼↑ 政策疲労↓	LLM政策探索/構造持続あり	日本	副作用圧が極端に高く、SNS不安で誤読と対象外反発が増幅し政策疲労が先行。	SNSで断片だけ見て怖くなる前に、反論や直し方が最初から見えると落ち着ける。	sequence	相談窓口	0.27	1	8	不安増幅↓ 隠蔽疑念↓ 副作用圧↓ 制度信頼↑ 政策疲労↓	切り取り炎上、説明負担の増加、監視・強制の誤読、届く/届かない不公平感	SNS不安が高い局面では『監査の結論』だけが流通しやすいので、反証可能性と異議の入口を先に固定し、救済までの順序を同形化して燃料を減らす。
PL067_01	68	政策探索	副作用監査→異議→救済の全国同形ワンフロー	0.62	注意層（SNS不安増幅）／境界層／対象外反発層／窓口職員	副作用圧↓ 不安増幅↓ 制度信頼↑ 公平感↑ 政策疲労↓ 二極化↓	LLM政策探索/構造持続あり	日本	副作用圧が最大化し、SNS不安と政策疲労が同時進行。新規追加より運用順序と非強制説明の統一が急務。	何が起きても結局は自己責任にされる気がして、制度の話題が怖い。	sequence	自治体/相談窓口/スマホ通知	0.27	1	10	副作用圧↓ 不安増幅↓ 制度信頼↑ 公平感↑ 政策疲労↓ 二極化↓	説明負担の増加、監視・強制の誤読、切り取り炎上、届く/届かない不公平感	副作用圧100.0の局面では、給付追加よりも『不満が起きた時に戻れる道』を先に固定し、炎上と離脱を止める必要があるため。
PL067_02	68	政策探索	自動判定の根拠一枚＋即時異議（非監視宣言つき）	0.58	境界層／単身・非正規／対象外反発予備軍／申請困難者	政策疲労↓ 公平感↑ 制度信頼↑ 副作用圧↓ 二極化↓	LLM政策探索/構造持続あり	日本	副作用圧が最大化し、SNS不安と政策疲労が同時進行。新規追加より運用順序と非強制説明の統一が急務。	説明も根拠もなく弾かれるのが一番しんどいから、まず納得とやり直しの道が欲しい。	amend	自治体/相談窓口/スマホ通知	0.19	1	8	政策疲労↓ 公平感↑ 制度信頼↑ 副作用圧↓ 二極化↓	不正認知の逆噴射、是正遅延への不満、対象外感、現場負荷の一時集中	不安増幅と公平感欠損が併存しているため、『なぜそう判定されたか』と『その場で覆せるか』を同梱し、強制・監視の誤読を最小化するのが近道。
PL068_01	69	政策探索	全国同形ワンフローの前面化（監査→異議→救済を最短導線に固定）	0.62	注意層（SNS不安増幅）／境界層／対象外反発層／窓口職員	副作用圧↓ 不安増幅↓ 制度信頼↑ 公平感↑ 政策疲労↓ 二極化↓	LLM政策探索/構造持続あり	日本	副作用圧89.5と政策疲労51.1が高止まり。SNS不安増幅下で「監視/不正」誤読と対象外反発が再燃しやすい。	制度が何をしてくれるかより、外れた時にどれだけ早く救われるかが見えないので不安が増える。	sequence	自治体	0.27	1	8	副作用圧↓ 不安増幅↓ 制度信頼↑ 公平感↑ 政策疲労↓ 二極化↓	説明負担の増加、監視・強制の誤読、切り取り炎上、届く/届かない不公平感	新規給付の追加は疲労と財政不安を悪化させやすい局面。まず救済までの順序と所要時間を全国で揃え、悪化層（境界/対象外反発）の摩擦を減らす。
PL068_02	69	政策探索	非監視宣言つき「根拠一枚＋即時異議」の標準文面（誤読防止最小版）	0.58	境界層／単身・非正規／対象外反発予備軍／申請困難者	政策疲労↓ 公平感↑ 制度信頼↑ 副作用圧↓ 二極化↓ 不安増幅↓	LLM政策探索/構造持続あり	日本	副作用圧89.5と政策疲労51.1が高止まり。SNS不安増幅下で「監視/不正」誤読と対象外反発が再燃しやすい。	判定の理由が見えないと、監視されているか不公平に切られた気がして一気に信じられなくなる。	explain	相談窓口	0.19	1	8	政策疲労↓ 公平感↑ 制度信頼↑ 副作用圧↓ 二極化↓ 不安増幅↓	不正認知の逆噴射、是正遅延への不満、対象外感、現場負荷の一時集中	副作用圧が極端に高く、誤読が政策疲労を増幅しやすい。押し付け通知を増やさず、窓口・検索導線で「根拠と異議」を最小コストで可視化して反発の燃料を減らす。
PL069_01	70	政策探索	異議申立の即時着手SLA＋根拠一枚の簡素化	0.58	境界層／単身・非正規／対象外反発予備軍／窓口職員	副作用圧↓ 政策疲労↓ 公平感↑ 制度信頼↑ 二極化↓	LLM政策探索/構造持続あり	日本	副作用圧が極端に高く、SNS不安下で手続き・説明負荷が政策疲労と対象外反発を増幅。	SNSで制度が怖く見えるが、理由が見えてすぐ言い返せるなら動ける。	amend	自治体	0.26	1	10	副作用圧↓ 政策疲労↓ 公平感↑ 制度信頼↑ 二極化↓	是正遅延への不満、窓口負荷の一時集中、不正認知の逆噴射、対象外感	監査→異議→救済を前面化した今、最初の詰まり（異議の待ち）を短縮し不安増幅と疲労を止める。
PL069_02	70	政策探索	参加困難者の非デジタル同伴・代理支援（通知は押し付けない）	0.50	申請困難者（デジタル弱者／介護・多忙／地域孤立）／境界層	取りこぼし↓ 対象外反発↓ 政策疲労↓ 制度信頼↑ 公平感↑	LLM政策探索/構造持続あり	日本	副作用圧が極端に高く、SNS不安下で手続き・説明負荷が政策疲労と対象外反発を増幅。	スマホ前提だと置いていかれる感じが強いので、窓口で一緒に進められる安心がほしい。	compensate	相談窓口	0.22	1	8	取りこぼし↓ 対象外反発↓ 政策疲労↓ 制度信頼↑ 公平感↑	届く/届かない不公平感、監視・強制の誤読、説明負担の増加	『届く人だけ得』の火種を先に潰し、強制感を出さずにアクセス格差を縮めてワンフローの効果を底上げする。
PL070_01	71	政策探索	異議SLA先行＋同伴支援の一体ワンストップ	0.62	境界層／申請困難者（非デジタル・多忙・孤立）／窓口職員	副作用圧↓ 政策疲労↓ 取りこぼし↓ 制度信頼↑ 公平感↑ 二極化↓	LLM政策探索/構造持続あり	日本	副作用圧が極端に高く、誤読と手続き疲れが政策疲労を増幅している	困ったときにどこへ行けばいいか分からず、間違えたら終わりだと感じる	sequence	自治体	0.29	1	10	副作用圧↓ 政策疲労↓ 取りこぼし↓ 制度信頼↑ 公平感↑ 二極化↓	窓口負荷の一時集中、届く/届かない不公平感、是正遅延への不満、監視・強制の誤読	副作用圧が最優先リスクのため、説明より先に「最短の是正導線」を固定し、困難者の到達性を同時に上げて炎上要因（放置感）を減らす
PL070_02	71	政策探索	非監視・非強制の標準説明＋切り取り耐性FAQ（最小版）	0.52	注意層（SNS不安増幅）／対象外反発予備軍／境界層	不安増幅↓ 誤読↓ 政策疲労↓ 制度信頼↑ 公平感↑ 副作用圧↓	LLM政策探索/構造持続あり	日本	副作用圧が極端に高く、誤読と手続き疲れが政策疲労を増幅している	制度の意図が見えず、結局は監視されて線引きされるだけだと思ってしまう	explain	スマホ通知	0.17	1	6	不安増幅↓ 誤読↓ 政策疲労↓ 制度信頼↑ 公平感↑ 副作用圧↓	情報過多による逆効果、数字の切り取り炎上、対象外感の再燃、現場の説明負担	SNS不安増幅が高く、制度の『監視・強制』誤読が副作用圧を押し上げているため、同一文面で全国同形の誤解最小化を先に打つ
PL071_01	72	政策探索	社会維持nat報酬の代替参加枠（参加困難者保護）	0.58	ケア担い手／地域維持担い手／参加困難者（介護・疾病・多忙・孤立・障害）／若年不安層	対象外反発↓ 公平感↑ 政策疲労↓ 生活防衛↑ 二極化↓	LLM政策探索/構造持続あり	日本	副作用圧が最大で、説明・異議導線は進展。次は対象外感と政策疲労の再燃抑制が焦点。	頑張れる人だけが得をして、事情のある人ほど置いていかれる気がする。	amend	自治体	0.24	1	10	対象外反発↓ 公平感↑ 政策疲労↓ 生活防衛↑ 二極化↓	代替枠の不正認知、形式化・ポイント稼ぎ化、参加できない層の対象外感の再燃、現場の説明負担	nat報酬は効くが『参加できない人が損』が最も燃えやすい。副作用圧100の局面では、代替参加（代理・同伴・医療/介護事情の自動配慮）を制度内標準にして反発と疲労を先に潰す。
PL071_02	73	政策探索	境界条件の段階テーパー（急な打切り廃止）	0.52	境界層／単身・非正規／就労不安定層／対象外反発予備軍	公平感↑ 対象外反発↓ 制度信頼↑ 政策疲労↓ 二極化↓	LLM政策探索/構造持続あり	日本	副作用圧が最大で、説明・異議導線は進展。次は対象外感と政策疲労の再燃抑制が焦点。	少し条件が変わっただけで全部失うのが怖くて、挑戦できない。	simplify	相談窓口	0.29	2	12	公平感↑ 対象外反発↓ 制度信頼↑ 政策疲労↓ 二極化↓	財政不安の再燃（説明不足）、不正認知の逆噴射、自治体運用ばらつき、是正遅延への不満	自動判定・異議SLA・同伴支援が整っても、境界で『急にゼロ』が残ると反発とSNS不安増幅が戻る。財政圧力が高い今は、給付拡大ではなく打切り形状の修正（滑らか化）で副作用を減らす。
